team,logo,spi,offense,defense,proj_points,proj_goal_diff,make_playoffs,first_round_bye,supporters_shield,mls_cup,updated
New York City FC,https://secure.espn.com/combiner/i?img=/i/teamlogos/soccer/500/17606.png&amp;w=56,53.9,1.6,1.2,60.79755,22,0.8808,0.2976,0.1811,0.1473,2022-02-24 17:53:00
Los Angeles FC,https://secure.espn.com/combiner/i?img=/i/teamlogos/soccer/500/18966.png&amp;w=56,51.1,1.7,1.4,58.2354,18,0.82785,0.2516,0.13205,0.1093,2022-02-24 17:53:00
Seattle Sounders FC,https://secure.espn.com/combiner/i?img=/i/teamlogos/soccer/500/9726.png&amp;w=56,48.6,1.4,1.3,56.32105,15,0.79,0.1935,0.09505,0.08705,2022-02-24 17:53:00
New England Revolution,https://secure.espn.com/combiner/i?img=/i/teamlogos/soccer/500/189.png&amp;w=56,48.9,1.6,1.5,56.08025,15,0.7852,0.17355,0.0996,0.08505,2022-02-24 17:53:00
New York Red Bulls,https://secure.espn.com/combiner/i?img=/i/teamlogos/soccer/500/190.png&amp;w=56,44.7,1.3,1.3,51.76145,8,0.6717,0.09415,0.0488,0.05335,2022-02-24 17:53:00
Atlanta United FC,https://secure.espn.com/combiner/i?img=/i/teamlogos/soccer/500/18418.png&amp;w=56,44.7,1.3,1.4,51.6933,8,0.66885,0.0932,0.0504,0.051,2022-02-24 17:53:00
Philadelphia Union,https://secure.espn.com/combiner/i?img=/i/teamlogos/soccer/500/10739.png&amp;w=56,43.6,1.3,1.4,50.68745,6,0.6402,0.0805,0.04215,0.04445,2022-02-24 17:53:00
Minnesota United FC,https://secure.espn.com/combiner/i?img=/i/teamlogos/soccer/500/17362.png&amp;w=56,43.1,1.4,1.5,48.03675,4,0.60425,0.08085,0.03625,0.041,2022-02-24 17:53:00
Nashville SC,https://secure.espn.com/combiner/i?img=/i/teamlogos/soccer/500/18986.png&amp;w=56,41.4,1.2,1.4,49.17075,4,0.5843,0.0788,0.03255,0.03855,2022-02-24 17:53:00
Columbus Crew,https://secure.espn.com/combiner/i?img=/i/teamlogos/soccer/500/183.png&amp;w=56,41.4,1.3,1.5,48.5394,3,0.5708,0.0656,0.03315,0.03455,2022-02-24 17:53:00
Orlando City SC,https://secure.espn.com/combiner/i?img=/i/teamlogos/soccer/500/12011.png&amp;w=56,41.1,1.3,1.5,48.3936,3,0.5656,0.0611,0.03125,0.03315,2022-02-24 17:53:00
Sporting Kansas City,https://secure.espn.com/combiner/i?img=/i/teamlogos/soccer/500/186.png&amp;w=56,41.0,1.3,1.5,47.4406,1,0.5346,0.0609,0.0258,0.0328,2022-02-24 17:53:00
Colorado Rapids,https://secure.espn.com/combiner/i?img=/i/teamlogos/soccer/500/184.png&amp;w=56,40.9,1.2,1.4,47.35975,2,0.52865,0.0565,0.02375,0.0306,2022-02-24 17:53:00
Portland Timbers,https://secure.espn.com/combiner/i?img=/i/teamlogos/soccer/500/9723.png&amp;w=56,40.3,1.4,1.6,46.87695,0,0.5129,0.05835,0.0249,0.02905,2022-02-24 17:53:00
Los Angeles Galaxy,https://secure.espn.com/combiner/i?img=/i/teamlogos/soccer/500/187.png&amp;w=56,40.4,1.3,1.6,47.1429,1,0.5237,0.0574,0.0248,0.02865,2022-02-24 17:53:00
FC Dallas,https://secure.espn.com/combiner/i?img=/i/teamlogos/soccer/500/185.png&amp;w=56,40.2,1.3,1.6,46.72525,0,0.5058,0.05415,0.0223,0.0282,2022-02-24 17:53:00
DC United,https://secure.espn.com/combiner/i?img=/i/teamlogos/soccer/500/193.png&amp;w=56,36.8,1.2,1.6,44.31585,-4,0.42935,0.0309,0.014,0.0173,2022-02-24 17:53:00
Chicago Fire,https://secure.espn.com/combiner/i?img=/i/teamlogos/soccer/500/182.png&amp;w=56,36.3,1.2,1.7,43.55815,-5,0.4066,0.0272,0.0118,0.01645,2022-02-24 17:53:00
Vancouver Whitecaps,https://secure.espn.com/combiner/i?img=/i/teamlogos/soccer/500/9727.png&amp;w=56,36.3,1.2,1.6,42.67015,-4,0.41905,0.0337,0.01265,0.0163,2022-02-24 17:53:00
Montreal Impact,https://secure.espn.com/combiner/i?img=/i/teamlogos/soccer/500/9720.png&amp;w=56,36.1,1.1,1.6,44.00755,-4,0.418,0.0292,0.01275,0.01495,2022-02-24 17:53:00
San Jose Earthquakes,https://secure.espn.com/combiner/i?img=/i/teamlogos/soccer/500/191.png&amp;w=56,35.9,1.3,1.7,43.12315,-6,0.39035,0.03215,0.0119,0.01375,2022-02-24 17:53:00
Toronto FC,https://secure.espn.com/combiner/i?img=/i/teamlogos/soccer/500/7318.png&amp;w=56,35.3,1.2,1.7,42.466,-6,0.372,0.02525,0.0117,0.01375,2022-02-24 17:53:00
Austin FC,https://secure.espn.com/combiner/i?img=/i/teamlogos/soccer/500/20906.png&amp;w=56,33.0,1.1,1.7,40.77205,-9,0.3109,0.01875,0.00645,0.00865,2022-02-24 17:53:00
Real Salt Lake,https://secure.espn.com/combiner/i?img=/i/teamlogos/soccer/500/4771.png&amp;w=56,32.4,1.1,1.7,39.2301,-11,0.2721,0.0153,0.00515,0.00785,2022-02-24 17:53:00
Inter Miami CF,https://secure.espn.com/combiner/i?img=/i/teamlogos/soccer/500/20232.png&amp;w=56,31.4,1.0,1.7,38.5101,-12,0.2515,0.0112,0.00405,0.0059,2022-02-24 17:53:00
Charlotte FC,https://secure.espn.com/combiner/i?img=/i/teamlogos/soccer/500/21300.png&amp;w=56,29.9,0.9,1.6,37.2816,-13,0.215,0.00835,0.00245,0.0048,2022-02-24 17:53:00
Houston Dynamo,https://secure.espn.com/combiner/i?img=/i/teamlogos/soccer/500/6077.png&amp;w=56,29.3,1.0,1.7,36.4717,-15,0.19555,0.00805,0.0025,0.0046,2022-02-24 17:53:00
FC Cincinnati,https://secure.espn.com/combiner/i?img=/i/teamlogos/soccer/500/18267.png&amp;w=56,26.1,1.0,1.9,32.94425,-22,0.1244,0.0022,0.0007,0.00165,2022-02-24 17:53:00
New York City FC,https://secure.espn.com/combiner/i?img=/i/teamlogos/soccer/500/17606.png&amp;w=56,53.9,1.6,1.2,60.79755,22,0.8808,0.2976,0.1811,0.1473,2022-02-26 14:00:00
Los Angeles FC,https://secure.espn.com/combiner/i?img=/i/teamlogos/soccer/500/18966.png&amp;w=56,51.1,1.7,1.4,58.2354,18,0.82785,0.2516,0.13205,0.1093,2022-02-26 14:00:00
Seattle Sounders FC,https://secure.espn.com/combiner/i?img=/i/teamlogos/soccer/500/9726.png&amp;w=56,48.6,1.4,1.3,56.32105,15,0.79,0.1935,0.09505,0.08705,2022-02-26 14:00:00
New England Revolution,https://secure.espn.com/combiner/i?img=/i/teamlogos/soccer/500/189.png&amp;w=56,48.9,1.6,1.5,56.08025,15,0.7852,0.17355,0.0996,0.08505,2022-02-26 14:00:00
New York Red Bulls,https://secure.espn.com/combiner/i?img=/i/teamlogos/soccer/500/190.png&amp;w=56,44.7,1.3,1.3,51.76145,8,0.6717,0.09415,0.0488,0.05335,2022-02-26 14:00:00
Atlanta United FC,https://secure.espn.com/combiner/i?img=/i/teamlogos/soccer/500/18418.png&amp;w=56,44.7,1.3,1.4,51.6933,8,0.66885,0.0932,0.0504,0.051,2022-02-26 14:00:00
Philadelphia Union,https://secure.espn.com/combiner/i?img=/i/teamlogos/soccer/500/10739.png&amp;w=56,43.6,1.3,1.4,50.68745,6,0.6402,0.0805,0.04215,0.04445,2022-02-26 14:00:00
Minnesota United FC,https://secure.espn.com/combiner/i?img=/i/teamlogos/soccer/500/17362.png&amp;w=56,43.1,1.4,1.5,48.03675,4,0.60425,0.08085,0.03625,0.041,2022-02-26 14:00:00
Nashville SC,https://secure.espn.com/combiner/i?img=/i/teamlogos/soccer/500/18986.png&amp;w=56,41.4,1.2,1.4,49.17075,4,0.5843,0.0788,0.03255,0.03855,2022-02-26 14:00:00
Columbus Crew,https://secure.espn.com/combiner/i?img=/i/teamlogos/soccer/500/183.png&amp;w=56,41.4,1.3,1.5,48.5394,3,0.5708,0.0656,0.03315,0.03455,2022-02-26 14:00:00
Orlando City SC,https://secure.espn.com/combiner/i?img=/i/teamlogos/soccer/500/12011.png&amp;w=56,41.1,1.3,1.5,48.3936,3,0.5656,0.0611,0.03125,0.03315,2022-02-26 14:00:00
Sporting Kansas City,https://secure.espn.com/combiner/i?img=/i/teamlogos/soccer/500/186.png&amp;w=56,41.0,1.3,1.5,47.4406,1,0.5346,0.0609,0.0258,0.0328,2022-02-26 14:00:00
Colorado Rapids,https://secure.espn.com/combiner/i?img=/i/teamlogos/soccer/500/184.png&amp;w=56,40.9,1.2,1.4,47.35975,2,0.52865,0.0565,0.02375,0.0306,2022-02-26 14:00:00
Portland Timbers,https://secure.espn.com/combiner/i?img=/i/teamlogos/soccer/500/9723.png&amp;w=56,40.3,1.4,1.6,46.87695,0,0.5129,0.05835,0.0249,0.02905,2022-02-26 14:00:00
Los Angeles Galaxy,https://secure.espn.com/combiner/i?img=/i/teamlogos/soccer/500/187.png&amp;w=56,40.4,1.3,1.6,47.1429,1,0.5237,0.0574,0.0248,0.02865,2022-02-26 14:00:00
FC Dallas,https://secure.espn.com/combiner/i?img=/i/teamlogos/soccer/500/185.png&amp;w=56,40.2,1.3,1.6,46.72525,0,0.5058,0.05415,0.0223,0.0282,2022-02-26 14:00:00
DC United,https://secure.espn.com/combiner/i?img=/i/teamlogos/soccer/500/193.png&amp;w=56,36.8,1.2,1.6,44.31585,-4,0.42935,0.0309,0.014,0.0173,2022-02-26 14:00:00
Chicago Fire,https://secure.espn.com/combiner/i?img=/i/teamlogos/soccer/500/182.png&amp;w=56,36.3,1.2,1.7,43.55815,-5,0.4066,0.0272,0.0118,0.01645,2022-02-26 14:00:00
Vancouver Whitecaps,https://secure.espn.com/combiner/i?img=/i/teamlogos/soccer/500/9727.png&amp;w=56,36.3,1.2,1.6,42.67015,-4,0.41905,0.0337,0.01265,0.0163,2022-02-26 14:00:00
Montreal Impact,https://secure.espn.com/combiner/i?img=/i/teamlogos/soccer/500/9720.png&amp;w=56,36.1,1.1,1.6,44.00755,-4,0.418,0.0292,0.01275,0.01495,2022-02-26 14:00:00
San Jose Earthquakes,https://secure.espn.com/combiner/i?img=/i/teamlogos/soccer/500/191.png&amp;w=56,35.9,1.3,1.7,43.12315,-6,0.39035,0.03215,0.0119,0.01375,2022-02-26 14:00:00
Toronto FC,https://secure.espn.com/combiner/i?img=/i/teamlogos/soccer/500/7318.png&amp;w=56,35.3,1.2,1.7,42.466,-6,0.372,0.02525,0.0117,0.01375,2022-02-26 14:00:00
Austin FC,https://secure.espn.com/combiner/i?img=/i/teamlogos/soccer/500/20906.png&amp;w=56,33.0,1.1,1.7,40.77205,-9,0.3109,0.01875,0.00645,0.00865,2022-02-26 14:00:00
Real Salt Lake,https://secure.espn.com/combiner/i?img=/i/teamlogos/soccer/500/4771.png&amp;w=56,32.4,1.1,1.7,39.2301,-11,0.2721,0.0153,0.00515,0.00785,2022-02-26 14:00:00
Inter Miami CF,https://secure.espn.com/combiner/i?img=/i/teamlogos/soccer/500/20232.png&amp;w=56,31.4,1.0,1.7,38.5101,-12,0.2515,0.0112,0.00405,0.0059,2022-02-26 14:00:00
Charlotte FC,https://secure.espn.com/combiner/i?img=/i/teamlogos/soccer/500/21300.png&amp;w=56,29.9,0.9,1.6,37.2816,-13,0.215,0.00835,0.00245,0.0048,2022-02-26 14:00:00
Houston Dynamo,https://secure.espn.com/combiner/i?img=/i/teamlogos/soccer/500/6077.png&amp;w=56,29.3,1.0,1.7,36.4717,-15,0.19555,0.00805,0.0025,0.0046,2022-02-26 14:00:00
FC Cincinnati,https://secure.espn.com/combiner/i?img=/i/teamlogos/soccer/500/18267.png&amp;w=56,26.1,1.0,1.9,32.94425,-22,0.1244,0.0022,0.0007,0.00165,2022-02-26 14:00:00
New York City FC,https://secure.espn.com/combiner/i?img=/i/teamlogos/soccer/500/17606.png&amp;w=56,53.9,1.6,1.2,60.91145,22,0.88455,0.30115,0.1858,0.1482,2022-02-26 15:08:00
Los Angeles FC,https://secure.espn.com/combiner/i?img=/i/teamlogos/soccer/500/18966.png&amp;w=56,51.1,1.7,1.4,58.12695,18,0.83225,0.24535,0.1316,0.1062,2022-02-26 15:08:00
Seattle Sounders FC,https://secure.espn.com/combiner/i?img=/i/teamlogos/soccer/500/9726.png&amp;w=56,48.6,1.4,1.3,56.4895,15,0.7959,0.19825,0.09655,0.09635,2022-02-26 15:08:00
New England Revolution,https://secure.espn.com/combiner/i?img=/i/teamlogos/soccer/500/189.png&amp;w=56,48.9,1.6,1.5,56.2637,15,0.7921,0.1814,0.10465,0.08365,2022-02-26 15:08:00
Atlanta United FC,https://secure.espn.com/combiner/i?img=/i/teamlogos/soccer/500/18418.png&amp;w=56,44.7,1.3,1.4,51.79075,8,0.67505,0.0981,0.05085,0.0533,2022-02-26 15:08:00
New York Red Bulls,https://secure.espn.com/combiner/i?img=/i/teamlogos/soccer/500/190.png&amp;w=56,44.7,1.3,1.3,51.87985,8,0.6776,0.09635,0.04945,0.0492,2022-02-26 15:08:00
Minnesota United FC,https://secure.espn.com/combiner/i?img=/i/teamlogos/soccer/500/17362.png&amp;w=56,43.4,1.4,1.5,49.9747,6,0.6124,0.0829,0.0371,0.04235,2022-02-26 15:08:00
Philadelphia Union,https://secure.espn.com/combiner/i?img=/i/teamlogos/soccer/500/10739.png&amp;w=56,43.3,1.3,1.4,49.60565,5,0.6138,0.0668,0.0325,0.04115,2022-02-26 15:08:00
Nashville SC,https://secure.espn.com/combiner/i?img=/i/teamlogos/soccer/500/18986.png&amp;w=56,41.4,1.2,1.4,49.12595,4,0.58835,0.07295,0.03145,0.03685,2022-02-26 15:08:00
Colorado Rapids,https://secure.espn.com/combiner/i?img=/i/teamlogos/soccer/500/184.png&amp;w=56,40.9,1.2,1.4,47.36495,2,0.5253,0.05755,0.02575,0.03425,2022-02-26 15:08:00
Columbus Crew,https://secure.espn.com/combiner/i?img=/i/teamlogos/soccer/500/183.png&amp;w=56,41.4,1.3,1.5,48.387,3,0.57135,0.06085,0.03015,0.03325,2022-02-26 15:08:00
Sporting Kansas City,https://secure.espn.com/combiner/i?img=/i/teamlogos/soccer/500/186.png&amp;w=56,41.0,1.3,1.5,47.56935,2,0.53655,0.06195,0.0269,0.03275,2022-02-26 15:08:00
Orlando City SC,https://secure.espn.com/combiner/i?img=/i/teamlogos/soccer/500/12011.png&amp;w=56,41.1,1.3,1.5,48.22765,3,0.56165,0.0584,0.0302,0.03245,2022-02-26 15:08:00
Los Angeles Galaxy,https://secure.espn.com/combiner/i?img=/i/teamlogos/soccer/500/187.png&amp;w=56,40.4,1.3,1.6,47.0913,1,0.5226,0.058,0.02365,0.02925,2022-02-26 15:08:00
FC Dallas,https://secure.espn.com/combiner/i?img=/i/teamlogos/soccer/500/185.png&amp;w=56,40.2,1.3,1.6,46.79795,0,0.506,0.0598,0.0256,0.0271,2022-02-26 15:08:00
Portland Timbers,https://secure.espn.com/combiner/i?img=/i/teamlogos/soccer/500/9723.png&amp;w=56,40.3,1.4,1.6,46.75355,0,0.50905,0.0542,0.0222,0.0257,2022-02-26 15:08:00
Chicago Fire,https://secure.espn.com/combiner/i?img=/i/teamlogos/soccer/500/182.png&amp;w=56,36.3,1.2,1.7,43.72725,-4,0.4178,0.02995,0.01285,0.017,2022-02-26 15:08:00
DC United,https://secure.espn.com/combiner/i?img=/i/teamlogos/soccer/500/193.png&amp;w=56,36.8,1.2,1.6,44.2247,-4,0.4334,0.0318,0.01295,0.01685,2022-02-26 15:08:00
Vancouver Whitecaps,https://secure.espn.com/combiner/i?img=/i/teamlogos/soccer/500/9727.png&amp;w=56,36.3,1.2,1.6,43.49035,-4,0.4021,0.0347,0.0134,0.0162,2022-02-26 15:08:00
San Jose Earthquakes,https://secure.espn.com/combiner/i?img=/i/teamlogos/soccer/500/191.png&amp;w=56,35.9,1.3,1.7,42.9144,-6,0.38435,0.0294,0.01095,0.01415,2022-02-26 15:08:00
Montreal Impact,https://secure.espn.com/combiner/i?img=/i/teamlogos/soccer/500/9720.png&amp;w=56,36.1,1.1,1.6,43.70385,-4,0.41095,0.0285,0.01145,0.01365,2022-02-26 15:08:00
Toronto FC,https://secure.espn.com/combiner/i?img=/i/teamlogos/soccer/500/7318.png&amp;w=56,35.3,1.2,1.7,42.3788,-6,0.36905,0.02305,0.0107,0.0133,2022-02-26 15:08:00
Austin FC,https://secure.espn.com/combiner/i?img=/i/teamlogos/soccer/500/20906.png&amp;w=56,33.0,1.1,1.7,40.71905,-9,0.30955,0.0218,0.0078,0.01,2022-02-26 15:08:00
Real Salt Lake,https://secure.espn.com/combiner/i?img=/i/teamlogos/soccer/500/4771.png&amp;w=56,32.4,1.1,1.7,39.41305,-11,0.2723,0.01445,0.00415,0.008,2022-02-26 15:08:00
Inter Miami CF,https://secure.espn.com/combiner/i?img=/i/teamlogos/soccer/500/20232.png&amp;w=56,31.4,1.0,1.7,38.5256,-12,0.2486,0.01185,0.0043,0.00625,2022-02-26 15:08:00
Charlotte FC,https://secure.espn.com/combiner/i?img=/i/teamlogos/soccer/500/21300.png&amp;w=56,29.9,0.9,1.6,37.3636,-13,0.2179,0.00885,0.00345,0.006,2022-02-26 15:08:00
Houston Dynamo,https://secure.espn.com/combiner/i?img=/i/teamlogos/soccer/500/6077.png&amp;w=56,29.3,1.0,1.7,36.64085,-15,0.2033,0.0087,0.0027,0.00485,2022-02-26 15:08:00
FC Cincinnati,https://secure.espn.com/combiner/i?img=/i/teamlogos/soccer/500/18267.png&amp;w=56,26.1,1.0,1.9,32.8992,-22,0.1262,0.00295,0.0009,0.00175,2022-02-26 15:08:00
New York City FC,https://secure.espn.com/combiner/i?img=/i/teamlogos/soccer/500/17606.png&amp;w=56,53.9,1.6,1.2,60.91145,22,0.88455,0.30115,0.1858,0.1482,2022-02-26 16:24:00
Los Angeles FC,https://secure.espn.com/combiner/i?img=/i/teamlogos/soccer/500/18966.png&amp;w=56,51.1,1.7,1.4,58.12695,18,0.83225,0.24535,0.1316,0.1062,2022-02-26 16:24:00
Seattle Sounders FC,https://secure.espn.com/combiner/i?img=/i/teamlogos/soccer/500/9726.png&amp;w=56,48.6,1.4,1.3,56.4895,15,0.7959,0.19825,0.09655,0.09635,2022-02-26 16:24:00
New England Revolution,https://secure.espn.com/combiner/i?img=/i/teamlogos/soccer/500/189.png&amp;w=56,48.9,1.6,1.5,56.2637,15,0.7921,0.1814,0.10465,0.08365,2022-02-26 16:24:00
Atlanta United FC,https://secure.espn.com/combiner/i?img=/i/teamlogos/soccer/500/18418.png&amp;w=56,44.7,1.3,1.4,51.79075,8,0.67505,0.0981,0.05085,0.0533,2022-02-26 16:24:00
New York Red Bulls,https://secure.espn.com/combiner/i?img=/i/teamlogos/soccer/500/190.png&amp;w=56,44.7,1.3,1.3,51.87985,8,0.6776,0.09635,0.04945,0.0492,2022-02-26 16:24:00
Minnesota United FC,https://secure.espn.com/combiner/i?img=/i/teamlogos/soccer/500/17362.png&amp;w=56,43.4,1.4,1.5,49.9747,6,0.6124,0.0829,0.0371,0.04235,2022-02-26 16:24:00
Philadelphia Union,https://secure.espn.com/combiner/i?img=/i/teamlogos/soccer/500/10739.png&amp;w=56,43.3,1.3,1.4,49.60565,5,0.6138,0.0668,0.0325,0.04115,2022-02-26 16:24:00
Nashville SC,https://secure.espn.com/combiner/i?img=/i/teamlogos/soccer/500/18986.png&amp;w=56,41.4,1.2,1.4,49.12595,4,0.58835,0.07295,0.03145,0.03685,2022-02-26 16:24:00
Colorado Rapids,https://secure.espn.com/combiner/i?img=/i/teamlogos/soccer/500/184.png&amp;w=56,40.9,1.2,1.4,47.36495,2,0.5253,0.05755,0.02575,0.03425,2022-02-26 16:24:00
Columbus Crew,https://secure.espn.com/combiner/i?img=/i/teamlogos/soccer/500/183.png&amp;w=56,41.4,1.3,1.5,48.387,3,0.57135,0.06085,0.03015,0.03325,2022-02-26 16:24:00
Sporting Kansas City,https://secure.espn.com/combiner/i?img=/i/teamlogos/soccer/500/186.png&amp;w=56,41.0,1.3,1.5,47.56935,2,0.53655,0.06195,0.0269,0.03275,2022-02-26 16:24:00
Orlando City SC,https://secure.espn.com/combiner/i?img=/i/teamlogos/soccer/500/12011.png&amp;w=56,41.1,1.3,1.5,48.22765,3,0.56165,0.0584,0.0302,0.03245,2022-02-26 16:24:00
Los Angeles Galaxy,https://secure.espn.com/combiner/i?img=/i/teamlogos/soccer/500/187.png&amp;w=56,40.4,1.3,1.6,47.0913,1,0.5226,0.058,0.02365,0.02925,2022-02-26 16:24:00
FC Dallas,https://secure.espn.com/combiner/i?img=/i/teamlogos/soccer/500/185.png&amp;w=56,40.2,1.3,1.6,46.79795,0,0.506,0.0598,0.0256,0.0271,2022-02-26 16:24:00
Portland Timbers,https://secure.espn.com/combiner/i?img=/i/teamlogos/soccer/500/9723.png&amp;w=56,40.3,1.4,1.6,46.75355,0,0.50905,0.0542,0.0222,0.0257,2022-02-26 16:24:00
Chicago Fire,https://secure.espn.com/combiner/i?img=/i/teamlogos/soccer/500/182.png&amp;w=56,36.3,1.2,1.7,43.72725,-4,0.4178,0.02995,0.01285,0.017,2022-02-26 16:24:00
DC United,https://secure.espn.com/combiner/i?img=/i/teamlogos/soccer/500/193.png&amp;w=56,36.8,1.2,1.6,44.2247,-4,0.4334,0.0318,0.01295,0.01685,2022-02-26 16:24:00
Vancouver Whitecaps,https://secure.espn.com/combiner/i?img=/i/teamlogos/soccer/500/9727.png&amp;w=56,36.3,1.2,1.6,43.49035,-4,0.4021,0.0347,0.0134,0.0162,2022-02-26 16:24:00
San Jose Earthquakes,https://secure.espn.com/combiner/i?img=/i/teamlogos/soccer/500/191.png&amp;w=56,35.9,1.3,1.7,42.9144,-6,0.38435,0.0294,0.01095,0.01415,2022-02-26 16:24:00
Montreal Impact,https://secure.espn.com/combiner/i?img=/i/teamlogos/soccer/500/9720.png&amp;w=56,36.1,1.1,1.6,43.70385,-4,0.41095,0.0285,0.01145,0.01365,2022-02-26 16:24:00
Toronto FC,https://secure.espn.com/combiner/i?img=/i/teamlogos/soccer/500/7318.png&amp;w=56,35.3,1.2,1.7,42.3788,-6,0.36905,0.02305,0.0107,0.0133,2022-02-26 16:24:00
Austin FC,https://secure.espn.com/combiner/i?img=/i/teamlogos/soccer/500/20906.png&amp;w=56,33.0,1.1,1.7,40.71905,-9,0.30955,0.0218,0.0078,0.01,2022-02-26 16:24:00
Real Salt Lake,https://secure.espn.com/combiner/i?img=/i/teamlogos/soccer/500/4771.png&amp;w=56,32.4,1.1,1.7,39.41305,-11,0.2723,0.01445,0.00415,0.008,2022-02-26 16:24:00
Inter Miami CF,https://secure.espn.com/combiner/i?img=/i/teamlogos/soccer/500/20232.png&amp;w=56,31.4,1.0,1.7,38.5256,-12,0.2486,0.01185,0.0043,0.00625,2022-02-26 16:24:00
Charlotte FC,https://secure.espn.com/combiner/i?img=/i/teamlogos/soccer/500/21300.png&amp;w=56,29.9,0.9,1.6,37.3636,-13,0.2179,0.00885,0.00345,0.006,2022-02-26 16:24:00
Houston Dynamo,https://secure.espn.com/combiner/i?img=/i/teamlogos/soccer/500/6077.png&amp;w=56,29.3,1.0,1.7,36.64085,-15,0.2033,0.0087,0.0027,0.00485,2022-02-26 16:24:00
FC Cincinnati,https://secure.espn.com/combiner/i?img=/i/teamlogos/soccer/500/18267.png&amp;w=56,26.1,1.0,1.9,32.8992,-22,0.1262,0.00295,0.0009,0.00175,2022-02-26 16:24:00
New York City FC,https://secure.espn.com/combiner/i?img=/i/teamlogos/soccer/500/17606.png&amp;w=56,53.9,1.6,1.2,60.7666,22,0.8798,0.2908,0.17485,0.14635,2022-02-26 17:53:00
Los Angeles FC,https://secure.espn.com/combiner/i?img=/i/teamlogos/soccer/500/18966.png&amp;w=56,52.3,1.7,1.4,60.63955,22,0.88675,0.3114,0.16885,0.12515,2022-02-26 17:53:00
Seattle Sounders FC,https://secure.espn.com/combiner/i?img=/i/teamlogos/soccer/500/9726.png&amp;w=56,48.6,1.4,1.3,56.52735,15,0.80225,0.19065,0.09405,0.0892,2022-02-26 17:53:00
New England Revolution,https://secure.espn.com/combiner/i?img=/i/teamlogos/soccer/500/189.png&amp;w=56,48.9,1.6,1.5,56.20615,15,0.7859,0.1773,0.0996,0.0813,2022-02-26 17:53:00
New York Red Bulls,https://secure.espn.com/combiner/i?img=/i/teamlogos/soccer/500/190.png&amp;w=56,44.7,1.3,1.3,51.7044,8,0.66785,0.0938,0.04775,0.0543,2022-02-26 17:53:00
Atlanta United FC,https://secure.espn.com/combiner/i?img=/i/teamlogos/soccer/500/18418.png&amp;w=56,44.7,1.3,1.4,51.68505,8,0.66145,0.09725,0.04905,0.05155,2022-02-26 17:53:00
Columbus Crew,https://secure.espn.com/combiner/i?img=/i/teamlogos/soccer/500/183.png&amp;w=56,43.9,1.4,1.5,51.9056,10,0.67455,0.0923,0.04995,0.04555,2022-02-26 17:53:00
Minnesota United FC,https://secure.espn.com/combiner/i?img=/i/teamlogos/soccer/500/17362.png&amp;w=56,43.4,1.4,1.5,50.1997,6,0.6263,0.08065,0.0348,0.04115,2022-02-26 17:53:00
Philadelphia Union,https://secure.espn.com/combiner/i?img=/i/teamlogos/soccer/500/10739.png&amp;w=56,43.3,1.3,1.4,49.64655,5,0.60485,0.06435,0.03055,0.0396,2022-02-26 17:53:00
Nashville SC,https://secure.espn.com/combiner/i?img=/i/teamlogos/soccer/500/18986.png&amp;w=56,41.4,1.2,1.4,49.24035,4,0.5984,0.0689,0.03005,0.0364,2022-02-26 17:53:00
Sporting Kansas City,https://secure.espn.com/combiner/i?img=/i/teamlogos/soccer/500/186.png&amp;w=56,41.0,1.3,1.5,47.4686,1,0.53515,0.0592,0.0261,0.03215,2022-02-26 17:53:00
Orlando City SC,https://secure.espn.com/combiner/i?img=/i/teamlogos/soccer/500/12011.png&amp;w=56,41.1,1.3,1.5,48.15685,2,0.5556,0.05455,0.02765,0.03075,2022-02-26 17:53:00
Los Angeles Galaxy,https://secure.espn.com/combiner/i?img=/i/teamlogos/soccer/500/187.png&amp;w=56,40.4,1.3,1.6,47.10975,1,0.5272,0.0596,0.0246,0.0303,2022-02-26 17:53:00
FC Dallas,https://secure.espn.com/combiner/i?img=/i/teamlogos/soccer/500/185.png&amp;w=56,40.2,1.3,1.6,46.7417,0,0.5151,0.0526,0.02265,0.0282,2022-02-26 17:53:00
Portland Timbers,https://secure.espn.com/combiner/i?img=/i/teamlogos/soccer/500/9723.png&amp;w=56,40.3,1.4,1.6,47.0203,1,0.5223,0.0548,0.02175,0.02705,2022-02-26 17:53:00
Colorado Rapids,https://secure.espn.com/combiner/i?img=/i/teamlogos/soccer/500/184.png&amp;w=56,39.6,1.2,1.4,45.4516,-2,0.47315,0.03625,0.01315,0.02405,2022-02-26 17:53:00
DC United,https://secure.espn.com/combiner/i?img=/i/teamlogos/soccer/500/193.png&amp;w=56,36.8,1.2,1.6,44.0272,-4,0.41495,0.0299,0.0135,0.01575,2022-02-26 17:53:00
Chicago Fire,https://secure.espn.com/combiner/i?img=/i/teamlogos/soccer/500/182.png&amp;w=56,36.3,1.2,1.7,43.6125,-5,0.40435,0.02865,0.01285,0.0149,2022-02-26 17:53:00
Montreal Impact,https://secure.espn.com/combiner/i?img=/i/teamlogos/soccer/500/9720.png&amp;w=56,36.1,1.1,1.6,43.78715,-4,0.4077,0.0267,0.0118,0.01445,2022-02-26 17:53:00
San Jose Earthquakes,https://secure.espn.com/combiner/i?img=/i/teamlogos/soccer/500/191.png&amp;w=56,35.9,1.3,1.7,42.88735,-6,0.389,0.02855,0.01085,0.0142,2022-02-26 17:53:00
Toronto FC,https://secure.espn.com/combiner/i?img=/i/teamlogos/soccer/500/7318.png&amp;w=56,35.3,1.2,1.7,42.43265,-6,0.3679,0.02375,0.00995,0.01305,2022-02-26 17:53:00
Austin FC,https://secure.espn.com/combiner/i?img=/i/teamlogos/soccer/500/20906.png&amp;w=56,33.0,1.1,1.7,40.8905,-9,0.32615,0.0188,0.00625,0.0101,2022-02-26 17:53:00
Vancouver Whitecaps,https://secure.espn.com/combiner/i?img=/i/teamlogos/soccer/500/9727.png&amp;w=56,34.2,1.1,1.7,40.68215,-11,0.3161,0.0164,0.0053,0.00955,2022-02-26 17:53:00
Real Salt Lake,https://secure.espn.com/combiner/i?img=/i/teamlogos/soccer/500/4771.png&amp;w=56,32.4,1.1,1.7,39.41765,-11,0.27895,0.01445,0.0048,0.00925,2022-02-26 17:53:00
Inter Miami CF,https://secure.espn.com/combiner/i?img=/i/teamlogos/soccer/500/20232.png&amp;w=56,31.4,1.0,1.7,38.3827,-12,0.24465,0.01035,0.004,0.0054,2022-02-26 17:53:00
Houston Dynamo,https://secure.espn.com/combiner/i?img=/i/teamlogos/soccer/500/6077.png&amp;w=56,29.3,1.0,1.7,36.5166,-15,0.2032,0.00775,0.00195,0.0043,2022-02-26 17:53:00
Charlotte FC,https://secure.espn.com/combiner/i?img=/i/teamlogos/soccer/500/21300.png&amp;w=56,29.9,0.9,1.6,37.184,-14,0.2106,0.0072,0.00255,0.00385,2022-02-26 17:53:00
FC Cincinnati,https://secure.espn.com/combiner/i?img=/i/teamlogos/soccer/500/18267.png&amp;w=56,26.1,1.0,1.9,32.89695,-22,0.11985,0.0031,0.0008,0.00215,2022-02-26 17:53:00
New York City FC,https://secure.espn.com/combiner/i?img=/i/teamlogos/soccer/500/17606.png&amp;w=56,53.9,1.6,1.2,60.7444,22,0.8827,0.29135,0.17495,0.14375,2022-02-26 20:07:00
Los Angeles FC,https://secure.espn.com/combiner/i?img=/i/teamlogos/soccer/500/18966.png&amp;w=56,52.3,1.7,1.4,60.5172,22,0.8836,0.3093,0.16705,0.12745,2022-02-26 20:07:00
Seattle Sounders FC,https://secure.espn.com/combiner/i?img=/i/teamlogos/soccer/500/9726.png&amp;w=56,48.6,1.4,1.3,56.49435,15,0.7959,0.19385,0.0985,0.0913,2022-02-26 20:07:00
New England Revolution,https://secure.espn.com/combiner/i?img=/i/teamlogos/soccer/500/189.png&amp;w=56,48.9,1.6,1.5,56.36125,15,0.79395,0.18015,0.102,0.08485,2022-02-26 20:07:00
Atlanta United FC,https://secure.espn.com/combiner/i?img=/i/teamlogos/soccer/500/18418.png&amp;w=56,44.7,1.3,1.4,51.67245,8,0.6658,0.0964,0.0474,0.0523,2022-02-26 20:07:00
New York Red Bulls,https://secure.espn.com/combiner/i?img=/i/teamlogos/soccer/500/190.png&amp;w=56,44.7,1.3,1.3,51.71035,8,0.66845,0.09325,0.04785,0.05055,2022-02-26 20:07:00
Columbus Crew,https://secure.espn.com/combiner/i?img=/i/teamlogos/soccer/500/183.png&amp;w=56,43.9,1.4,1.5,51.98215,10,0.6836,0.09765,0.0495,0.0477,2022-02-26 20:07:00
Minnesota United FC,https://secure.espn.com/combiner/i?img=/i/teamlogos/soccer/500/17362.png&amp;w=56,43.4,1.4,1.5,50.0924,6,0.6221,0.0805,0.03455,0.04285,2022-02-26 20:07:00
Nashville SC,https://secure.espn.com/combiner/i?img=/i/teamlogos/soccer/500/18986.png&amp;w=56,41.4,1.2,1.4,49.35075,4,0.59775,0.07475,0.03245,0.0378,2022-02-26 20:07:00
Philadelphia Union,https://secure.espn.com/combiner/i?img=/i/teamlogos/soccer/500/10739.png&amp;w=56,43.3,1.3,1.4,49.6925,5,0.6087,0.06395,0.03275,0.0377,2022-02-26 20:07:00
Sporting Kansas City,https://secure.espn.com/combiner/i?img=/i/teamlogos/soccer/500/186.png&amp;w=56,41.0,1.3,1.5,47.40635,1,0.53105,0.05685,0.02325,0.03065,2022-02-26 20:07:00
Orlando City SC,https://secure.espn.com/combiner/i?img=/i/teamlogos/soccer/500/12011.png&amp;w=56,41.1,1.3,1.5,48.0938,2,0.55225,0.0546,0.0254,0.0302,2022-02-26 20:07:00
Los Angeles Galaxy,https://secure.espn.com/combiner/i?img=/i/teamlogos/soccer/500/187.png&amp;w=56,40.4,1.3,1.6,47.1869,1,0.52665,0.05675,0.0247,0.02895,2022-02-26 20:07:00
Portland Timbers,https://secure.espn.com/combiner/i?img=/i/teamlogos/soccer/500/9723.png&amp;w=56,40.3,1.4,1.6,46.92005,0,0.51865,0.05495,0.0237,0.0279,2022-02-26 20:07:00
FC Dallas,https://secure.espn.com/combiner/i?img=/i/teamlogos/soccer/500/185.png&amp;w=56,39.9,1.3,1.6,45.6424,-1,0.47995,0.0405,0.01715,0.0233,2022-02-26 20:07:00
Colorado Rapids,https://secure.espn.com/combiner/i?img=/i/teamlogos/soccer/500/184.png&amp;w=56,39.6,1.2,1.4,45.28245,-2,0.46075,0.03535,0.0137,0.02065,2022-02-26 20:07:00
DC United,https://secure.espn.com/combiner/i?img=/i/teamlogos/soccer/500/193.png&amp;w=56,36.8,1.2,1.6,44.3594,-4,0.4361,0.03155,0.013,0.01775,2022-02-26 20:07:00
Montreal Impact,https://secure.espn.com/combiner/i?img=/i/teamlogos/soccer/500/9720.png&amp;w=56,36.1,1.1,1.6,43.90605,-4,0.4188,0.02865,0.01155,0.015,2022-02-26 20:07:00
Chicago Fire,https://secure.espn.com/combiner/i?img=/i/teamlogos/soccer/500/182.png&amp;w=56,36.4,1.2,1.7,43.418,-4,0.39285,0.02515,0.01025,0.0144,2022-02-26 20:07:00
San Jose Earthquakes,https://secure.espn.com/combiner/i?img=/i/teamlogos/soccer/500/191.png&amp;w=56,35.9,1.3,1.7,43.1128,-6,0.39135,0.03105,0.012,0.01435,2022-02-26 20:07:00
Austin FC,https://secure.espn.com/combiner/i?img=/i/teamlogos/soccer/500/20906.png&amp;w=56,34.4,1.2,1.7,43.2621,-3,0.39725,0.0273,0.00975,0.01325,2022-02-26 20:07:00
Toronto FC,https://secure.espn.com/combiner/i?img=/i/teamlogos/soccer/500/7318.png&amp;w=56,35.6,1.2,1.7,42.7634,-5,0.37815,0.0215,0.0096,0.01305,2022-02-26 20:07:00
Vancouver Whitecaps,https://secure.espn.com/combiner/i?img=/i/teamlogos/soccer/500/9727.png&amp;w=56,34.2,1.1,1.7,40.5392,-11,0.3135,0.0165,0.00555,0.00955,2022-02-26 20:07:00
Real Salt Lake,https://secure.espn.com/combiner/i?img=/i/teamlogos/soccer/500/4771.png&amp;w=56,32.4,1.1,1.7,39.2716,-11,0.2759,0.01345,0.0054,0.00805,2022-02-26 20:07:00
Inter Miami CF,https://secure.espn.com/combiner/i?img=/i/teamlogos/soccer/500/20232.png&amp;w=56,31.2,1.0,1.7,37.80705,-12,0.2201,0.00775,0.00285,0.00625,2022-02-26 20:07:00
Houston Dynamo,https://secure.espn.com/combiner/i?img=/i/teamlogos/soccer/500/6077.png&amp;w=56,29.3,1.0,1.7,36.7887,-15,0.2056,0.0089,0.0027,0.0047,2022-02-26 20:07:00
Charlotte FC,https://secure.espn.com/combiner/i?img=/i/teamlogos/soccer/500/21300.png&amp;w=56,29.9,0.9,1.6,36.94285,-14,0.2077,0.00645,0.002,0.00445,2022-02-26 20:07:00
FC Cincinnati,https://secure.espn.com/combiner/i?img=/i/teamlogos/soccer/500/18267.png&amp;w=56,24.9,1.0,2.0,30.83565,-29,0.09085,0.0016,0.00045,0.0013,2022-02-26 20:07:00
New York City FC,https://secure.espn.com/combiner/i?img=/i/teamlogos/soccer/500/17606.png&amp;w=56,53.9,1.6,1.2,60.7628,22,0.87825,0.28475,0.1724,0.14475,2022-02-26 20:12:00
Los Angeles FC,https://secure.espn.com/combiner/i?img=/i/teamlogos/soccer/500/18966.png&amp;w=56,52.3,1.7,1.4,60.57295,22,0.8858,0.3117,0.16675,0.1297,2022-02-26 20:12:00
Seattle Sounders FC,https://secure.espn.com/combiner/i?img=/i/teamlogos/soccer/500/9726.png&amp;w=56,48.6,1.4,1.3,56.7732,15,0.8097,0.19835,0.09515,0.0891,2022-02-26 20:12:00
New England Revolution,https://secure.espn.com/combiner/i?img=/i/teamlogos/soccer/500/189.png&amp;w=56,48.9,1.6,1.5,56.12255,15,0.7811,0.1708,0.0978,0.08275,2022-02-26 20:12:00
New York Red Bulls,https://secure.espn.com/combiner/i?img=/i/teamlogos/soccer/500/190.png&amp;w=56,46.5,1.3,1.3,55.01275,12,0.76575,0.1351,0.07405,0.069,2022-02-26 20:12:00
Atlanta United FC,https://secure.espn.com/combiner/i?img=/i/teamlogos/soccer/500/18418.png&amp;w=56,44.7,1.3,1.4,51.64955,8,0.66265,0.09075,0.0498,0.053,2022-02-26 20:12:00
Columbus Crew,https://secure.espn.com/combiner/i?img=/i/teamlogos/soccer/500/183.png&amp;w=56,43.9,1.4,1.5,51.90795,10,0.67255,0.09125,0.04945,0.04565,2022-02-26 20:12:00
Minnesota United FC,https://secure.espn.com/combiner/i?img=/i/teamlogos/soccer/500/17362.png&amp;w=56,43.4,1.4,1.5,50.0979,6,0.625,0.0798,0.03355,0.04,2022-02-26 20:12:00
Nashville SC,https://secure.espn.com/combiner/i?img=/i/teamlogos/soccer/500/18986.png&amp;w=56,41.4,1.2,1.4,49.4232,4,0.60465,0.0756,0.031,0.03725,2022-02-26 20:12:00
Philadelphia Union,https://secure.espn.com/combiner/i?img=/i/teamlogos/soccer/500/10739.png&amp;w=56,43.3,1.3,1.4,49.65325,5,0.59925,0.0608,0.0293,0.03525,2022-02-26 20:12:00
Sporting Kansas City,https://secure.espn.com/combiner/i?img=/i/teamlogos/soccer/500/186.png&amp;w=56,41.0,1.3,1.5,47.46205,1,0.5414,0.05785,0.0238,0.0293,2022-02-26 20:12:00
Portland Timbers,https://secure.espn.com/combiner/i?img=/i/teamlogos/soccer/500/9723.png&amp;w=56,40.3,1.4,1.6,47.0839,1,0.5304,0.0554,0.0231,0.02805,2022-02-26 20:12:00
Orlando City SC,https://secure.espn.com/combiner/i?img=/i/teamlogos/soccer/500/12011.png&amp;w=56,41.1,1.3,1.5,48.0066,2,0.54375,0.05325,0.02615,0.02805,2022-02-26 20:12:00
Los Angeles Galaxy,https://secure.espn.com/combiner/i?img=/i/teamlogos/soccer/500/187.png&amp;w=56,40.4,1.3,1.6,47.25215,1,0.5341,0.058,0.02455,0.0279,2022-02-26 20:12:00
FC Dallas,https://secure.espn.com/combiner/i?img=/i/teamlogos/soccer/500/185.png&amp;w=56,39.9,1.3,1.6,45.6694,-1,0.48215,0.0413,0.01535,0.02455,2022-02-26 20:12:00
Colorado Rapids,https://secure.espn.com/combiner/i?img=/i/teamlogos/soccer/500/184.png&amp;w=56,39.6,1.2,1.4,45.47735,-2,0.4742,0.038,0.01385,0.0237,2022-02-26 20:12:00
DC United,https://secure.espn.com/combiner/i?img=/i/teamlogos/soccer/500/193.png&amp;w=56,37.3,1.2,1.6,45.6305,-1,0.46395,0.0328,0.01535,0.01765,2022-02-26 20:12:00
Montreal Impact,https://secure.espn.com/combiner/i?img=/i/teamlogos/soccer/500/9720.png&amp;w=56,36.1,1.1,1.6,43.8159,-4,0.40575,0.02545,0.01055,0.01565,2022-02-26 20:12:00
Chicago Fire,https://secure.espn.com/combiner/i?img=/i/teamlogos/soccer/500/182.png&amp;w=56,36.4,1.2,1.7,43.23215,-4,0.38535,0.02115,0.0084,0.0145,2022-02-26 20:12:00
Austin FC,https://secure.espn.com/combiner/i?img=/i/teamlogos/soccer/500/20906.png&amp;w=56,34.4,1.2,1.7,43.32015,-3,0.40045,0.02705,0.00935,0.01225,2022-02-26 20:12:00
Toronto FC,https://secure.espn.com/combiner/i?img=/i/teamlogos/soccer/500/7318.png&amp;w=56,35.6,1.2,1.7,42.7444,-5,0.36615,0.0204,0.00775,0.01125,2022-02-26 20:12:00
San Jose Earthquakes,https://secure.espn.com/combiner/i?img=/i/teamlogos/soccer/500/191.png&amp;w=56,34.3,1.2,1.8,40.19625,-10,0.3026,0.0165,0.0055,0.0103,2022-02-26 20:12:00
Vancouver Whitecaps,https://secure.espn.com/combiner/i?img=/i/teamlogos/soccer/500/9727.png&amp;w=56,34.2,1.1,1.7,40.74925,-11,0.32275,0.0168,0.0053,0.00865,2022-02-26 20:12:00
Real Salt Lake,https://secure.espn.com/combiner/i?img=/i/teamlogos/soccer/500/4771.png&amp;w=56,32.4,1.1,1.7,39.39445,-11,0.2792,0.01485,0.0044,0.00735,2022-02-26 20:12:00
Inter Miami CF,https://secure.espn.com/combiner/i?img=/i/teamlogos/soccer/500/20232.png&amp;w=56,31.2,1.0,1.7,37.85985,-12,0.22065,0.00725,0.00305,0.0051,2022-02-26 20:12:00
Houston Dynamo,https://secure.espn.com/combiner/i?img=/i/teamlogos/soccer/500/6077.png&amp;w=56,29.3,1.0,1.7,36.7786,-15,0.2076,0.0088,0.00225,0.00485,2022-02-26 20:12:00
Charlotte FC,https://secure.espn.com/combiner/i?img=/i/teamlogos/soccer/500/21300.png&amp;w=56,29.5,0.9,1.6,35.87845,-17,0.17245,0.0048,0.0015,0.0034,2022-02-26 20:12:00
FC Cincinnati,https://secure.espn.com/combiner/i?img=/i/teamlogos/soccer/500/18267.png&amp;w=56,24.9,1.0,2.0,30.6553,-29,0.0824,0.00145,0.00055,0.00105,2022-02-26 20:12:00
New York City FC,https://secure.espn.com/combiner/i?img=/i/teamlogos/soccer/500/17606.png&amp;w=56,53.9,1.6,1.2,60.88525,22,0.88295,0.2948,0.177,0.1443,2022-02-26 21:56:00
Los Angeles FC,https://secure.espn.com/combiner/i?img=/i/teamlogos/soccer/500/18966.png&amp;w=56,52.3,1.7,1.4,60.56145,22,0.88495,0.31045,0.17015,0.1272,2022-02-26 21:56:00
Seattle Sounders FC,https://secure.espn.com/combiner/i?img=/i/teamlogos/soccer/500/9726.png&amp;w=56,48.6,1.4,1.3,56.6866,15,0.80945,0.20045,0.0995,0.09215,2022-02-26 21:56:00
New England Revolution,https://secure.espn.com/combiner/i?img=/i/teamlogos/soccer/500/189.png&amp;w=56,48.5,1.6,1.5,55.36455,14,0.7688,0.1468,0.08035,0.07155,2022-02-26 21:56:00
New York Red Bulls,https://secure.espn.com/combiner/i?img=/i/teamlogos/soccer/500/190.png&amp;w=56,46.5,1.3,1.3,55.01875,12,0.7679,0.13595,0.0726,0.06905,2022-02-26 21:56:00
Atlanta United FC,https://secure.espn.com/combiner/i?img=/i/teamlogos/soccer/500/18418.png&amp;w=56,44.7,1.3,1.4,51.6402,8,0.66005,0.09145,0.04785,0.0514,2022-02-26 21:56:00
Columbus Crew,https://secure.espn.com/combiner/i?img=/i/teamlogos/soccer/500/183.png&amp;w=56,43.9,1.4,1.5,52.05035,10,0.68025,0.09315,0.04865,0.04715,2022-02-26 21:56:00
Minnesota United FC,https://secure.espn.com/combiner/i?img=/i/teamlogos/soccer/500/17362.png&amp;w=56,43.4,1.4,1.5,50.0734,6,0.6231,0.08205,0.03535,0.04145,2022-02-26 21:56:00
Philadelphia Union,https://secure.espn.com/combiner/i?img=/i/teamlogos/soccer/500/10739.png&amp;w=56,43.3,1.3,1.4,49.72995,5,0.60105,0.0627,0.0307,0.04015,2022-02-26 21:56:00
Nashville SC,https://secure.espn.com/combiner/i?img=/i/teamlogos/soccer/500/18986.png&amp;w=56,41.4,1.2,1.4,49.2976,4,0.60025,0.07705,0.0338,0.03775,2022-02-26 21:56:00
Sporting Kansas City,https://secure.espn.com/combiner/i?img=/i/teamlogos/soccer/500/186.png&amp;w=56,41.0,1.3,1.5,47.4195,1,0.5416,0.05975,0.02595,0.03125,2022-02-26 21:56:00
Orlando City SC,https://secure.espn.com/combiner/i?img=/i/teamlogos/soccer/500/12011.png&amp;w=56,41.1,1.3,1.5,47.9119,2,0.54125,0.05515,0.0275,0.03025,2022-02-26 21:56:00
Los Angeles Galaxy,https://secure.espn.com/combiner/i?img=/i/teamlogos/soccer/500/187.png&amp;w=56,40.4,1.3,1.6,47.32735,1,0.53465,0.05865,0.02385,0.02815,2022-02-26 21:56:00
Portland Timbers,https://secure.espn.com/combiner/i?img=/i/teamlogos/soccer/500/9723.png&amp;w=56,40.9,1.4,1.6,47.0982,1,0.5333,0.051,0.02005,0.0272,2022-02-26 21:56:00
FC Dallas,https://secure.espn.com/combiner/i?img=/i/teamlogos/soccer/500/185.png&amp;w=56,39.9,1.3,1.6,45.70035,-1,0.48155,0.0419,0.0152,0.02375,2022-02-26 21:56:00
Colorado Rapids,https://secure.espn.com/combiner/i?img=/i/teamlogos/soccer/500/184.png&amp;w=56,39.6,1.2,1.4,45.30445,-2,0.4696,0.0351,0.0144,0.02345,2022-02-26 21:56:00
DC United,https://secure.espn.com/combiner/i?img=/i/teamlogos/soccer/500/193.png&amp;w=56,37.3,1.2,1.6,45.8202,-1,0.47285,0.03575,0.0167,0.0184,2022-02-26 21:56:00
Montreal Impact,https://secure.espn.com/combiner/i?img=/i/teamlogos/soccer/500/9720.png&amp;w=56,36.1,1.1,1.6,43.78625,-4,0.40245,0.0265,0.0116,0.0167,2022-02-26 21:56:00
Chicago Fire,https://secure.espn.com/combiner/i?img=/i/teamlogos/soccer/500/182.png&amp;w=56,36.4,1.2,1.7,43.3454,-4,0.38365,0.02325,0.00885,0.01345,2022-02-26 21:56:00
Toronto FC,https://secure.espn.com/combiner/i?img=/i/teamlogos/soccer/500/7318.png&amp;w=56,35.6,1.2,1.7,42.71205,-6,0.36995,0.0213,0.00905,0.0119,2022-02-26 21:56:00
Austin FC,https://secure.espn.com/combiner/i?img=/i/teamlogos/soccer/500/20906.png&amp;w=56,34.4,1.2,1.7,43.36495,-3,0.4059,0.02575,0.00905,0.0111,2022-02-26 21:56:00
San Jose Earthquakes,https://secure.espn.com/combiner/i?img=/i/teamlogos/soccer/500/191.png&amp;w=56,34.3,1.2,1.8,40.1128,-10,0.3031,0.0163,0.0052,0.01005,2022-02-26 21:56:00
Vancouver Whitecaps,https://secure.espn.com/combiner/i?img=/i/teamlogos/soccer/500/9727.png&amp;w=56,34.2,1.1,1.7,40.73775,-11,0.3163,0.01725,0.0052,0.0096,2022-02-26 21:56:00
Real Salt Lake,https://secure.espn.com/combiner/i?img=/i/teamlogos/soccer/500/4771.png&amp;w=56,32.4,1.1,1.7,39.37305,-11,0.2826,0.0151,0.0054,0.008,2022-02-26 21:56:00
Inter Miami CF,https://secure.espn.com/combiner/i?img=/i/teamlogos/soccer/500/20232.png&amp;w=56,31.2,1.0,1.7,37.8572,-12,0.2188,0.0074,0.0025,0.0054,2022-02-26 21:56:00
Houston Dynamo,https://secure.espn.com/combiner/i?img=/i/teamlogos/soccer/500/6077.png&amp;w=56,29.3,1.0,1.7,36.8045,-15,0.21365,0.0092,0.002,0.00405,2022-02-26 21:56:00
Charlotte FC,https://secure.espn.com/combiner/i?img=/i/teamlogos/soccer/500/21300.png&amp;w=56,29.5,0.9,1.6,35.79625,-17,0.16675,0.00375,0.00095,0.0036,2022-02-26 21:56:00
FC Cincinnati,https://secure.espn.com/combiner/i?img=/i/teamlogos/soccer/500/18267.png&amp;w=56,24.9,1.0,2.0,30.6757,-29,0.0833,0.00205,0.0006,0.00155,2022-02-26 21:56:00
New York City FC,https://secure.espn.com/combiner/i?img=/i/teamlogos/soccer/500/17606.png&amp;w=56,53.9,1.6,1.2,60.88525,22,0.88295,0.2948,0.177,0.1443,2022-02-27 13:32:00
Los Angeles FC,https://secure.espn.com/combiner/i?img=/i/teamlogos/soccer/500/18966.png&amp;w=56,52.3,1.7,1.4,60.56145,22,0.88495,0.31045,0.17015,0.1272,2022-02-27 13:32:00
Seattle Sounders FC,https://secure.espn.com/combiner/i?img=/i/teamlogos/soccer/500/9726.png&amp;w=56,48.6,1.4,1.3,56.6866,15,0.80945,0.20045,0.0995,0.09215,2022-02-27 13:32:00
New England Revolution,https://secure.espn.com/combiner/i?img=/i/teamlogos/soccer/500/189.png&amp;w=56,48.5,1.6,1.5,55.36455,14,0.7688,0.1468,0.08035,0.07155,2022-02-27 13:32:00
New York Red Bulls,https://secure.espn.com/combiner/i?img=/i/teamlogos/soccer/500/190.png&amp;w=56,46.5,1.3,1.3,55.01875,12,0.7679,0.13595,0.0726,0.06905,2022-02-27 13:32:00
Atlanta United FC,https://secure.espn.com/combiner/i?img=/i/teamlogos/soccer/500/18418.png&amp;w=56,44.7,1.3,1.4,51.6402,8,0.66005,0.09145,0.04785,0.0514,2022-02-27 13:32:00
Columbus Crew,https://secure.espn.com/combiner/i?img=/i/teamlogos/soccer/500/183.png&amp;w=56,43.9,1.4,1.5,52.05035,10,0.68025,0.09315,0.04865,0.04715,2022-02-27 13:32:00
Minnesota United FC,https://secure.espn.com/combiner/i?img=/i/teamlogos/soccer/500/17362.png&amp;w=56,43.4,1.4,1.5,50.0734,6,0.6231,0.08205,0.03535,0.04145,2022-02-27 13:32:00
Philadelphia Union,https://secure.espn.com/combiner/i?img=/i/teamlogos/soccer/500/10739.png&amp;w=56,43.3,1.3,1.4,49.72995,5,0.60105,0.0627,0.0307,0.04015,2022-02-27 13:32:00
Nashville SC,https://secure.espn.com/combiner/i?img=/i/teamlogos/soccer/500/18986.png&amp;w=56,41.4,1.2,1.4,49.2976,4,0.60025,0.07705,0.0338,0.03775,2022-02-27 13:32:00
Sporting Kansas City,https://secure.espn.com/combiner/i?img=/i/teamlogos/soccer/500/186.png&amp;w=56,41.0,1.3,1.5,47.4195,1,0.5416,0.05975,0.02595,0.03125,2022-02-27 13:32:00
Orlando City SC,https://secure.espn.com/combiner/i?img=/i/teamlogos/soccer/500/12011.png&amp;w=56,41.1,1.3,1.5,47.9119,2,0.54125,0.05515,0.0275,0.03025,2022-02-27 13:32:00
Los Angeles Galaxy,https://secure.espn.com/combiner/i?img=/i/teamlogos/soccer/500/187.png&amp;w=56,40.4,1.3,1.6,47.32735,1,0.53465,0.05865,0.02385,0.02815,2022-02-27 13:32:00
Portland Timbers,https://secure.espn.com/combiner/i?img=/i/teamlogos/soccer/500/9723.png&amp;w=56,40.9,1.4,1.6,47.0982,1,0.5333,0.051,0.02005,0.0272,2022-02-27 13:32:00
FC Dallas,https://secure.espn.com/combiner/i?img=/i/teamlogos/soccer/500/185.png&amp;w=56,39.9,1.3,1.6,45.70035,-1,0.48155,0.0419,0.0152,0.02375,2022-02-27 13:32:00
Colorado Rapids,https://secure.espn.com/combiner/i?img=/i/teamlogos/soccer/500/184.png&amp;w=56,39.6,1.2,1.4,45.30445,-2,0.4696,0.0351,0.0144,0.02345,2022-02-27 13:32:00
DC United,https://secure.espn.com/combiner/i?img=/i/teamlogos/soccer/500/193.png&amp;w=56,37.3,1.2,1.6,45.8202,-1,0.47285,0.03575,0.0167,0.0184,2022-02-27 13:32:00
Montreal Impact,https://secure.espn.com/combiner/i?img=/i/teamlogos/soccer/500/9720.png&amp;w=56,36.1,1.1,1.6,43.78625,-4,0.40245,0.0265,0.0116,0.0167,2022-02-27 13:32:00
Chicago Fire,https://secure.espn.com/combiner/i?img=/i/teamlogos/soccer/500/182.png&amp;w=56,36.4,1.2,1.7,43.3454,-4,0.38365,0.02325,0.00885,0.01345,2022-02-27 13:32:00
Toronto FC,https://secure.espn.com/combiner/i?img=/i/teamlogos/soccer/500/7318.png&amp;w=56,35.6,1.2,1.7,42.71205,-6,0.36995,0.0213,0.00905,0.0119,2022-02-27 13:32:00
Austin FC,https://secure.espn.com/combiner/i?img=/i/teamlogos/soccer/500/20906.png&amp;w=56,34.4,1.2,1.7,43.36495,-3,0.4059,0.02575,0.00905,0.0111,2022-02-27 13:32:00
San Jose Earthquakes,https://secure.espn.com/combiner/i?img=/i/teamlogos/soccer/500/191.png&amp;w=56,34.3,1.2,1.8,40.1128,-10,0.3031,0.0163,0.0052,0.01005,2022-02-27 13:32:00
Vancouver Whitecaps,https://secure.espn.com/combiner/i?img=/i/teamlogos/soccer/500/9727.png&amp;w=56,34.2,1.1,1.7,40.73775,-11,0.3163,0.01725,0.0052,0.0096,2022-02-27 13:32:00
Real Salt Lake,https://secure.espn.com/combiner/i?img=/i/teamlogos/soccer/500/4771.png&amp;w=56,32.4,1.1,1.7,39.37305,-11,0.2826,0.0151,0.0054,0.008,2022-02-27 13:32:00
Inter Miami CF,https://secure.espn.com/combiner/i?img=/i/teamlogos/soccer/500/20232.png&amp;w=56,31.2,1.0,1.7,37.8572,-12,0.2188,0.0074,0.0025,0.0054,2022-02-27 13:32:00
Houston Dynamo,https://secure.espn.com/combiner/i?img=/i/teamlogos/soccer/500/6077.png&amp;w=56,29.3,1.0,1.7,36.8045,-15,0.21365,0.0092,0.002,0.00405,2022-02-27 13:32:00
Charlotte FC,https://secure.espn.com/combiner/i?img=/i/teamlogos/soccer/500/21300.png&amp;w=56,29.5,0.9,1.6,35.79625,-17,0.16675,0.00375,0.00095,0.0036,2022-02-27 13:32:00
FC Cincinnati,https://secure.espn.com/combiner/i?img=/i/teamlogos/soccer/500/18267.png&amp;w=56,24.9,1.0,2.0,30.6757,-29,0.0833,0.00205,0.0006,0.00155,2022-02-27 13:32:00
New York City FC,https://secure.espn.com/combiner/i?img=/i/teamlogos/soccer/500/17606.png&amp;w=56,53.9,1.6,1.2,61.00205,22,0.881,0.2991,0.184,0.14945,2022-02-27 15:09:00
Los Angeles FC,https://secure.espn.com/combiner/i?img=/i/teamlogos/soccer/500/18966.png&amp;w=56,52.3,1.7,1.4,60.49775,22,0.8834,0.315,0.16875,0.1227,2022-02-27 15:09:00
Seattle Sounders FC,https://secure.espn.com/combiner/i?img=/i/teamlogos/soccer/500/9726.png&amp;w=56,48.6,1.4,1.3,56.53665,15,0.80485,0.1956,0.09585,0.09475,2022-02-27 15:09:00
New England Revolution,https://secure.espn.com/combiner/i?img=/i/teamlogos/soccer/500/189.png&amp;w=56,48.5,1.6,1.5,55.27695,14,0.7643,0.14285,0.07665,0.0705,2022-02-27 15:09:00
New York Red Bulls,https://secure.espn.com/combiner/i?img=/i/teamlogos/soccer/500/190.png&amp;w=56,46.5,1.3,1.3,54.96005,12,0.7638,0.1331,0.07225,0.06785,2022-02-27 15:09:00
Atlanta United FC,https://secure.espn.com/combiner/i?img=/i/teamlogos/soccer/500/18418.png&amp;w=56,44.7,1.3,1.4,51.594,8,0.6609,0.08935,0.0444,0.0529,2022-02-27 15:09:00
Columbus Crew,https://secure.espn.com/combiner/i?img=/i/teamlogos/soccer/500/183.png&amp;w=56,43.9,1.4,1.5,52.00425,10,0.67955,0.09445,0.05085,0.04755,2022-02-27 15:09:00
Minnesota United FC,https://secure.espn.com/combiner/i?img=/i/teamlogos/soccer/500/17362.png&amp;w=56,43.4,1.4,1.5,50.23465,6,0.6289,0.08265,0.0366,0.0435,2022-02-27 15:09:00
Philadelphia Union,https://secure.espn.com/combiner/i?img=/i/teamlogos/soccer/500/10739.png&amp;w=56,43.3,1.3,1.4,49.72735,5,0.60215,0.06075,0.03095,0.04025,2022-02-27 15:09:00
Nashville SC,https://secure.espn.com/combiner/i?img=/i/teamlogos/soccer/500/18986.png&amp;w=56,41.4,1.2,1.4,49.34605,4,0.6007,0.07515,0.0323,0.03735,2022-02-27 15:09:00
Orlando City SC,https://secure.espn.com/combiner/i?img=/i/teamlogos/soccer/500/12011.png&amp;w=56,41.7,1.3,1.5,49.8987,5,0.60745,0.06795,0.0348,0.03425,2022-02-27 15:09:00
Sporting Kansas City,https://secure.espn.com/combiner/i?img=/i/teamlogos/soccer/500/186.png&amp;w=56,41.0,1.3,1.5,47.44225,1,0.54,0.0599,0.0248,0.03355,2022-02-27 15:09:00
Los Angeles Galaxy,https://secure.espn.com/combiner/i?img=/i/teamlogos/soccer/500/187.png&amp;w=56,40.4,1.3,1.6,47.2466,1,0.53605,0.0558,0.02245,0.0277,2022-02-27 15:09:00
Portland Timbers,https://secure.espn.com/combiner/i?img=/i/teamlogos/soccer/500/9723.png&amp;w=56,40.9,1.4,1.6,47.06305,1,0.52905,0.05175,0.02065,0.0268,2022-02-27 15:09:00
FC Dallas,https://secure.espn.com/combiner/i?img=/i/teamlogos/soccer/500/185.png&amp;w=56,39.9,1.3,1.6,45.66185,-1,0.4813,0.0427,0.01665,0.02325,2022-02-27 15:09:00
Colorado Rapids,https://secure.espn.com/combiner/i?img=/i/teamlogos/soccer/500/184.png&amp;w=56,39.6,1.2,1.4,45.2186,-3,0.46765,0.0378,0.0138,0.02255,2022-02-27 15:09:00
DC United,https://secure.espn.com/combiner/i?img=/i/teamlogos/soccer/500/193.png&amp;w=56,37.3,1.2,1.6,45.6717,-1,0.46495,0.03445,0.01515,0.0162,2022-02-27 15:09:00
Chicago Fire,https://secure.espn.com/combiner/i?img=/i/teamlogos/soccer/500/182.png&amp;w=56,36.4,1.2,1.7,43.369,-4,0.3913,0.0235,0.00955,0.0127,2022-02-27 15:09:00
Montreal Impact,https://secure.espn.com/combiner/i?img=/i/teamlogos/soccer/500/9720.png&amp;w=56,35.5,1.1,1.6,42.20135,-6,0.35215,0.0185,0.007,0.0121,2022-02-27 15:09:00
Toronto FC,https://secure.espn.com/combiner/i?img=/i/teamlogos/soccer/500/7318.png&amp;w=56,35.6,1.2,1.7,42.8039,-5,0.3644,0.0233,0.01015,0.01155,2022-02-27 15:09:00
Austin FC,https://secure.espn.com/combiner/i?img=/i/teamlogos/soccer/500/20906.png&amp;w=56,34.4,1.2,1.7,43.3606,-3,0.40505,0.0279,0.0099,0.01145,2022-02-27 15:09:00
Vancouver Whitecaps,https://secure.espn.com/combiner/i?img=/i/teamlogos/soccer/500/9727.png&amp;w=56,34.2,1.1,1.7,40.6651,-11,0.3178,0.0173,0.0062,0.00965,2022-02-27 15:09:00
San Jose Earthquakes,https://secure.espn.com/combiner/i?img=/i/teamlogos/soccer/500/191.png&amp;w=56,34.3,1.2,1.8,40.0872,-10,0.30545,0.01575,0.00475,0.0089,2022-02-27 15:09:00
Real Salt Lake,https://secure.espn.com/combiner/i?img=/i/teamlogos/soccer/500/4771.png&amp;w=56,32.4,1.1,1.7,39.5235,-11,0.2903,0.0138,0.00415,0.00725,2022-02-27 15:09:00
Inter Miami CF,https://secure.espn.com/combiner/i?img=/i/teamlogos/soccer/500/20232.png&amp;w=56,31.2,1.0,1.7,37.8366,-12,0.2141,0.00745,0.00295,0.00585,2022-02-27 15:09:00
Houston Dynamo,https://secure.espn.com/combiner/i?img=/i/teamlogos/soccer/500/6077.png&amp;w=56,29.3,1.0,1.7,36.82255,-15,0.2095,0.0089,0.00275,0.00485,2022-02-27 15:09:00
Charlotte FC,https://secure.espn.com/combiner/i?img=/i/teamlogos/soccer/500/21300.png&amp;w=56,29.5,0.9,1.6,35.74165,-17,0.1678,0.00365,0.00135,0.0035,2022-02-27 15:09:00
FC Cincinnati,https://secure.espn.com/combiner/i?img=/i/teamlogos/soccer/500/18267.png&amp;w=56,24.9,1.0,2.0,30.8061,-29,0.08615,0.0016,0.00035,0.0011,2022-02-27 15:09:00
New York City FC,https://secure.espn.com/combiner/i?img=/i/teamlogos/soccer/500/17606.png&amp;w=56,53.9,1.6,1.2,60.79025,22,0.87935,0.28555,0.1766,0.1501,2022-02-27 17:03:00
Los Angeles FC,https://secure.espn.com/combiner/i?img=/i/teamlogos/soccer/500/18966.png&amp;w=56,52.3,1.7,1.4,60.4525,22,0.8899,0.3097,0.163,0.1269,2022-02-27 17:03:00
Seattle Sounders FC,https://secure.espn.com/combiner/i?img=/i/teamlogos/soccer/500/9726.png&amp;w=56,48.6,1.4,1.3,56.56385,15,0.80765,0.1987,0.09555,0.08895,2022-02-27 17:03:00
New England Revolution,https://secure.espn.com/combiner/i?img=/i/teamlogos/soccer/500/189.png&amp;w=56,48.5,1.6,1.5,55.45185,14,0.7665,0.1472,0.082,0.07295,2022-02-27 17:03:00
New York Red Bulls,https://secure.espn.com/combiner/i?img=/i/teamlogos/soccer/500/190.png&amp;w=56,46.5,1.3,1.3,54.93505,12,0.7536,0.1358,0.07565,0.06625,2022-02-27 17:03:00
Atlanta United FC,https://secure.espn.com/combiner/i?img=/i/teamlogos/soccer/500/18418.png&amp;w=56,44.6,1.4,1.4,52.71255,9,0.6931,0.09915,0.05315,0.05245,2022-02-27 17:03:00
Columbus Crew,https://secure.espn.com/combiner/i?img=/i/teamlogos/soccer/500/183.png&amp;w=56,43.9,1.4,1.5,51.94185,10,0.6689,0.09075,0.0481,0.046,2022-02-27 17:03:00
Minnesota United FC,https://secure.espn.com/combiner/i?img=/i/teamlogos/soccer/500/17362.png&amp;w=56,43.4,1.4,1.5,50.13675,6,0.6282,0.0836,0.0356,0.0444,2022-02-27 17:03:00
Philadelphia Union,https://secure.espn.com/combiner/i?img=/i/teamlogos/soccer/500/10739.png&amp;w=56,43.3,1.3,1.4,49.94955,6,0.60575,0.0638,0.03245,0.038,2022-02-27 17:03:00
Nashville SC,https://secure.espn.com/combiner/i?img=/i/teamlogos/soccer/500/18986.png&amp;w=56,41.4,1.2,1.4,49.52485,5,0.60905,0.0764,0.0315,0.03665,2022-02-27 17:03:00
Orlando City SC,https://secure.espn.com/combiner/i?img=/i/teamlogos/soccer/500/12011.png&amp;w=56,41.7,1.3,1.5,50.0642,5,0.61085,0.06785,0.03455,0.03585,2022-02-27 17:03:00
Los Angeles Galaxy,https://secure.espn.com/combiner/i?img=/i/teamlogos/soccer/500/187.png&amp;w=56,40.4,1.3,1.6,47.25025,1,0.53455,0.0597,0.0247,0.02845,2022-02-27 17:03:00
Portland Timbers,https://secure.espn.com/combiner/i?img=/i/teamlogos/soccer/500/9723.png&amp;w=56,40.9,1.4,1.6,47.1094,1,0.52975,0.0542,0.0215,0.0281,2022-02-27 17:03:00
Sporting Kansas City,https://secure.espn.com/combiner/i?img=/i/teamlogos/soccer/500/186.png&amp;w=56,41.3,1.3,1.5,46.5447,0,0.5164,0.0519,0.01995,0.02785,2022-02-27 17:03:00
Colorado Rapids,https://secure.espn.com/combiner/i?img=/i/teamlogos/soccer/500/184.png&amp;w=56,39.6,1.2,1.4,45.30925,-2,0.4724,0.03635,0.01385,0.02455,2022-02-27 17:03:00
FC Dallas,https://secure.espn.com/combiner/i?img=/i/teamlogos/soccer/500/185.png&amp;w=56,39.9,1.3,1.6,45.68925,-1,0.4792,0.04275,0.0155,0.02365,2022-02-27 17:03:00
DC United,https://secure.espn.com/combiner/i?img=/i/teamlogos/soccer/500/193.png&amp;w=56,37.3,1.2,1.6,45.81425,-1,0.4681,0.03455,0.01665,0.0177,2022-02-27 17:03:00
Chicago Fire,https://secure.espn.com/combiner/i?img=/i/teamlogos/soccer/500/182.png&amp;w=56,36.4,1.2,1.7,43.3858,-4,0.38175,0.0235,0.01045,0.01365,2022-02-27 17:03:00
Montreal Impact,https://secure.espn.com/combiner/i?img=/i/teamlogos/soccer/500/9720.png&amp;w=56,35.5,1.1,1.6,42.20475,-6,0.3485,0.0183,0.0075,0.0116,2022-02-27 17:03:00
Toronto FC,https://secure.espn.com/combiner/i?img=/i/teamlogos/soccer/500/7318.png&amp;w=56,35.6,1.2,1.7,42.73525,-5,0.36495,0.02085,0.0095,0.0115,2022-02-27 17:03:00
Vancouver Whitecaps,https://secure.espn.com/combiner/i?img=/i/teamlogos/soccer/500/9727.png&amp;w=56,34.2,1.1,1.7,40.6761,-11,0.32195,0.01835,0.0058,0.0111,2022-02-27 17:03:00
Austin FC,https://secure.espn.com/combiner/i?img=/i/teamlogos/soccer/500/20906.png&amp;w=56,34.4,1.2,1.7,43.3191,-3,0.40675,0.0282,0.00955,0.011,2022-02-27 17:03:00
San Jose Earthquakes,https://secure.espn.com/combiner/i?img=/i/teamlogos/soccer/500/191.png&amp;w=56,34.3,1.2,1.8,40.14735,-10,0.30795,0.016,0.0045,0.00885,2022-02-27 17:03:00
Real Salt Lake,https://secure.espn.com/combiner/i?img=/i/teamlogos/soccer/500/4771.png&amp;w=56,32.4,1.1,1.7,39.56365,-11,0.2884,0.01605,0.0055,0.0087,2022-02-27 17:03:00
Inter Miami CF,https://secure.espn.com/combiner/i?img=/i/teamlogos/soccer/500/20232.png&amp;w=56,31.2,1.0,1.7,37.85345,-12,0.21565,0.00715,0.0027,0.00515,2022-02-27 17:03:00
Houston Dynamo,https://secure.espn.com/combiner/i?img=/i/teamlogos/soccer/500/6077.png&amp;w=56,29.3,1.0,1.7,36.5784,-15,0.20785,0.0081,0.00245,0.00475,2022-02-27 17:03:00
Charlotte FC,https://secure.espn.com/combiner/i?img=/i/teamlogos/soccer/500/21300.png&amp;w=56,29.5,0.9,1.6,35.7209,-17,0.1641,0.0041,0.00115,0.00375,2022-02-27 17:03:00
FC Cincinnati,https://secure.espn.com/combiner/i?img=/i/teamlogos/soccer/500/18267.png&amp;w=56,24.9,1.0,2.0,30.58815,-29,0.0789,0.00145,0.0006,0.00115,2022-02-27 17:03:00
Los Angeles FC,https://secure.espn.com/combiner/i?img=/i/teamlogos/soccer/500/18966.png&amp;w=56,52.3,1.7,1.4,60.49275,22,0.88055,0.30785,0.17825,0.1289,2022-02-27 19:00:00
New York City FC,https://secure.espn.com/combiner/i?img=/i/teamlogos/soccer/500/17606.png&amp;w=56,52.7,1.5,1.2,58.1832,19,0.8408,0.2216,0.12275,0.12235,2022-02-27 19:00:00
Seattle Sounders FC,https://secure.espn.com/combiner/i?img=/i/teamlogos/soccer/500/9726.png&amp;w=56,48.6,1.4,1.3,56.4268,15,0.80165,0.19005,0.09735,0.09005,2022-02-27 19:00:00
New England Revolution,https://secure.espn.com/combiner/i?img=/i/teamlogos/soccer/500/189.png&amp;w=56,48.5,1.6,1.5,55.3038,14,0.76505,0.1571,0.0846,0.07615,2022-02-27 19:00:00
New York Red Bulls,https://secure.espn.com/combiner/i?img=/i/teamlogos/soccer/500/190.png&amp;w=56,46.5,1.3,1.3,55.01535,12,0.76095,0.1485,0.0809,0.06955,2022-02-27 19:00:00
Atlanta United FC,https://secure.espn.com/combiner/i?img=/i/teamlogos/soccer/500/18418.png&amp;w=56,44.6,1.4,1.4,52.92825,9,0.7035,0.10825,0.05585,0.0573,2022-02-27 19:00:00
Columbus Crew,https://secure.espn.com/combiner/i?img=/i/teamlogos/soccer/500/183.png&amp;w=56,43.9,1.4,1.5,52.05185,10,0.67925,0.1001,0.0524,0.0462,2022-02-27 19:00:00
Minnesota United FC,https://secure.espn.com/combiner/i?img=/i/teamlogos/soccer/500/17362.png&amp;w=56,43.4,1.4,1.5,50.11975,6,0.62355,0.08025,0.035,0.04055,2022-02-27 19:00:00
Philadelphia Union,https://secure.espn.com/combiner/i?img=/i/teamlogos/soccer/500/10739.png&amp;w=56,43.3,1.3,1.4,49.75465,6,0.5999,0.06875,0.0326,0.0391,2022-02-27 19:00:00
Los Angeles Galaxy,https://secure.espn.com/combiner/i?img=/i/teamlogos/soccer/500/187.png&amp;w=56,41.5,1.3,1.5,50.02875,4,0.62115,0.083,0.0371,0.03765,2022-02-27 19:00:00
Orlando City SC,https://secure.espn.com/combiner/i?img=/i/teamlogos/soccer/500/12011.png&amp;w=56,41.7,1.3,1.5,49.89575,5,0.6079,0.0715,0.03635,0.03675,2022-02-27 19:00:00
Nashville SC,https://secure.espn.com/combiner/i?img=/i/teamlogos/soccer/500/18986.png&amp;w=56,41.4,1.2,1.4,49.3249,4,0.5998,0.07465,0.0327,0.0353,2022-02-27 19:00:00
Sporting Kansas City,https://secure.espn.com/combiner/i?img=/i/teamlogos/soccer/500/186.png&amp;w=56,41.3,1.3,1.5,46.66225,0,0.51195,0.0505,0.0224,0.0304,2022-02-27 19:00:00
Portland Timbers,https://secure.espn.com/combiner/i?img=/i/teamlogos/soccer/500/9723.png&amp;w=56,40.9,1.4,1.6,46.9079,1,0.51765,0.0513,0.0205,0.02845,2022-02-27 19:00:00
Colorado Rapids,https://secure.espn.com/combiner/i?img=/i/teamlogos/soccer/500/184.png&amp;w=56,39.6,1.2,1.4,45.38555,-2,0.46595,0.0373,0.01615,0.0245,2022-02-27 19:00:00
FC Dallas,https://secure.espn.com/combiner/i?img=/i/teamlogos/soccer/500/185.png&amp;w=56,39.9,1.3,1.6,45.72585,-1,0.47905,0.04005,0.01595,0.0241,2022-02-27 19:00:00
DC United,https://secure.espn.com/combiner/i?img=/i/teamlogos/soccer/500/193.png&amp;w=56,37.3,1.2,1.6,45.8095,-1,0.4663,0.03975,0.0171,0.01925,2022-02-27 19:00:00
Chicago Fire,https://secure.espn.com/combiner/i?img=/i/teamlogos/soccer/500/182.png&amp;w=56,36.4,1.2,1.7,43.4067,-4,0.3869,0.0254,0.01065,0.01445,2022-02-27 19:00:00
Austin FC,https://secure.espn.com/combiner/i?img=/i/teamlogos/soccer/500/20906.png&amp;w=56,34.4,1.2,1.7,43.32215,-3,0.397,0.0296,0.01165,0.01385,2022-02-27 19:00:00
Toronto FC,https://secure.espn.com/combiner/i?img=/i/teamlogos/soccer/500/7318.png&amp;w=56,35.6,1.2,1.7,42.9133,-5,0.3716,0.02315,0.009,0.012,2022-02-27 19:00:00
Montreal Impact,https://secure.espn.com/combiner/i?img=/i/teamlogos/soccer/500/9720.png&amp;w=56,35.5,1.1,1.6,42.177,-6,0.34785,0.0188,0.0074,0.01075,2022-02-27 19:00:00
San Jose Earthquakes,https://secure.espn.com/combiner/i?img=/i/teamlogos/soccer/500/191.png&amp;w=56,34.3,1.2,1.8,40.0065,-11,0.30115,0.0157,0.0044,0.0101,2022-02-27 19:00:00
Vancouver Whitecaps,https://secure.espn.com/combiner/i?img=/i/teamlogos/soccer/500/9727.png&amp;w=56,34.2,1.1,1.7,40.7946,-11,0.31815,0.0176,0.0062,0.0098,2022-02-27 19:00:00
Real Salt Lake,https://secure.espn.com/combiner/i?img=/i/teamlogos/soccer/500/4771.png&amp;w=56,32.4,1.1,1.7,39.3972,-11,0.27795,0.0139,0.0051,0.0072,2022-02-27 19:00:00
Inter Miami CF,https://secure.espn.com/combiner/i?img=/i/teamlogos/soccer/500/20232.png&amp;w=56,31.2,1.0,1.7,37.87365,-12,0.21495,0.00975,0.00305,0.0056,2022-02-27 19:00:00
Charlotte FC,https://secure.espn.com/combiner/i?img=/i/teamlogos/soccer/500/21300.png&amp;w=56,29.5,0.9,1.6,35.8926,-16,0.1719,0.00545,0.00165,0.0045,2022-02-27 19:00:00
Houston Dynamo,https://secure.espn.com/combiner/i?img=/i/teamlogos/soccer/500/6077.png&amp;w=56,29.3,1.0,1.7,36.5753,-15,0.20445,0.00825,0.0025,0.00415,2022-02-27 19:00:00
FC Cincinnati,https://secure.espn.com/combiner/i?img=/i/teamlogos/soccer/500/18267.png&amp;w=56,24.9,1.0,2.0,30.6763,-29,0.08315,0.0019,0.00045,0.00105,2022-02-27 19:00:00
Los Angeles FC,https://secure.espn.com/combiner/i?img=/i/teamlogos/soccer/500/18966.png&amp;w=56,52.3,1.7,1.4,60.45525,22,0.8826,0.30795,0.1748,0.1296,2022-02-27 21:05:00
New York City FC,https://secure.espn.com/combiner/i?img=/i/teamlogos/soccer/500/17606.png&amp;w=56,52.7,1.5,1.2,58.27465,19,0.83605,0.2232,0.1237,0.1273,2022-02-27 21:05:00
Seattle Sounders FC,https://secure.espn.com/combiner/i?img=/i/teamlogos/soccer/500/9726.png&amp;w=56,48.6,1.4,1.3,56.52415,15,0.8018,0.19995,0.10505,0.09205,2022-02-27 21:05:00
New England Revolution,https://secure.espn.com/combiner/i?img=/i/teamlogos/soccer/500/189.png&amp;w=56,48.5,1.6,1.5,55.32035,14,0.76875,0.15625,0.08405,0.0748,2022-02-27 21:05:00
New York Red Bulls,https://secure.espn.com/combiner/i?img=/i/teamlogos/soccer/500/190.png&amp;w=56,46.5,1.3,1.3,54.9149,12,0.7594,0.1487,0.0807,0.0711,2022-02-27 21:05:00
Atlanta United FC,https://secure.espn.com/combiner/i?img=/i/teamlogos/soccer/500/18418.png&amp;w=56,44.6,1.4,1.4,52.9239,9,0.7026,0.111,0.05755,0.05445,2022-02-27 21:05:00
Columbus Crew,https://secure.espn.com/combiner/i?img=/i/teamlogos/soccer/500/183.png&amp;w=56,43.9,1.4,1.5,51.9253,10,0.67335,0.0978,0.05105,0.04675,2022-02-27 21:05:00
Minnesota United FC,https://secure.espn.com/combiner/i?img=/i/teamlogos/soccer/500/17362.png&amp;w=56,43.4,1.4,1.5,50.1872,6,0.63025,0.082,0.03795,0.0436,2022-02-27 21:05:00
Nashville SC,https://secure.espn.com/combiner/i?img=/i/teamlogos/soccer/500/18986.png&amp;w=56,41.4,1.2,1.4,49.52935,5,0.6073,0.076,0.03415,0.03745,2022-02-27 21:05:00
Philadelphia Union,https://secure.espn.com/combiner/i?img=/i/teamlogos/soccer/500/10739.png&amp;w=56,43.3,1.3,1.4,49.83215,6,0.60665,0.06965,0.03245,0.0369,2022-02-27 21:05:00
Los Angeles Galaxy,https://secure.espn.com/combiner/i?img=/i/teamlogos/soccer/500/187.png&amp;w=56,41.5,1.3,1.5,49.93755,4,0.627,0.08065,0.03615,0.03685,2022-02-27 21:05:00
Orlando City SC,https://secure.espn.com/combiner/i?img=/i/teamlogos/soccer/500/12011.png&amp;w=56,41.7,1.3,1.5,49.9732,5,0.61425,0.0719,0.0363,0.03505,2022-02-27 21:05:00
Sporting Kansas City,https://secure.espn.com/combiner/i?img=/i/teamlogos/soccer/500/186.png&amp;w=56,41.3,1.3,1.5,46.5806,0,0.5133,0.04835,0.01995,0.02785,2022-02-27 21:05:00
Portland Timbers,https://secure.espn.com/combiner/i?img=/i/teamlogos/soccer/500/9723.png&amp;w=56,40.9,1.4,1.6,46.87025,1,0.52245,0.04795,0.0201,0.02735,2022-02-27 21:05:00
Colorado Rapids,https://secure.espn.com/combiner/i?img=/i/teamlogos/soccer/500/184.png&amp;w=56,39.6,1.2,1.4,45.32975,-2,0.467,0.036,0.0143,0.0242,2022-02-27 21:05:00
FC Dallas,https://secure.espn.com/combiner/i?img=/i/teamlogos/soccer/500/185.png&amp;w=56,39.9,1.3,1.6,45.63065,-1,0.47635,0.0417,0.01725,0.02345,2022-02-27 21:05:00
DC United,https://secure.espn.com/combiner/i?img=/i/teamlogos/soccer/500/193.png&amp;w=56,37.3,1.2,1.6,45.8126,-1,0.46765,0.0389,0.01675,0.0191,2022-02-27 21:05:00
Chicago Fire,https://secure.espn.com/combiner/i?img=/i/teamlogos/soccer/500/182.png&amp;w=56,36.4,1.2,1.7,43.53505,-4,0.38995,0.02735,0.01095,0.0155,2022-02-27 21:05:00
Toronto FC,https://secure.espn.com/combiner/i?img=/i/teamlogos/soccer/500/7318.png&amp;w=56,35.6,1.2,1.7,42.83165,-5,0.36895,0.0237,0.0094,0.0129,2022-02-27 21:05:00
Austin FC,https://secure.espn.com/combiner/i?img=/i/teamlogos/soccer/500/20906.png&amp;w=56,34.4,1.2,1.7,43.2123,-3,0.39565,0.0272,0.0088,0.01235,2022-02-27 21:05:00
Montreal Impact,https://secure.espn.com/combiner/i?img=/i/teamlogos/soccer/500/9720.png&amp;w=56,35.5,1.1,1.6,42.13105,-6,0.3451,0.01665,0.0057,0.01215,2022-02-27 21:05:00
San Jose Earthquakes,https://secure.espn.com/combiner/i?img=/i/teamlogos/soccer/500/191.png&amp;w=56,34.3,1.2,1.8,40.06475,-10,0.3003,0.0162,0.0055,0.00955,2022-02-27 21:05:00
Vancouver Whitecaps,https://secure.espn.com/combiner/i?img=/i/teamlogos/soccer/500/9727.png&amp;w=56,34.2,1.1,1.7,40.72515,-11,0.3207,0.0169,0.00555,0.0095,2022-02-27 21:05:00
Real Salt Lake,https://secure.espn.com/combiner/i?img=/i/teamlogos/soccer/500/4771.png&amp;w=56,32.8,1.0,1.6,39.63025,-10,0.27995,0.01365,0.00475,0.0071,2022-02-27 21:05:00
Inter Miami CF,https://secure.espn.com/combiner/i?img=/i/teamlogos/soccer/500/20232.png&amp;w=56,31.2,1.0,1.7,37.9646,-12,0.21715,0.00815,0.00315,0.0055,2022-02-27 21:05:00
Houston Dynamo,https://secure.espn.com/combiner/i?img=/i/teamlogos/soccer/500/6077.png&amp;w=56,28.7,0.9,1.7,35.62195,-16,0.17535,0.0055,0.00165,0.00325,2022-02-27 21:05:00
Charlotte FC,https://secure.espn.com/combiner/i?img=/i/teamlogos/soccer/500/21300.png&amp;w=56,29.5,0.9,1.6,35.6928,-17,0.16755,0.00495,0.00155,0.0027,2022-02-27 21:05:00
FC Cincinnati,https://secure.espn.com/combiner/i?img=/i/teamlogos/soccer/500/18267.png&amp;w=56,24.9,1.0,2.0,30.6891,-29,0.0826,0.0018,0.00075,0.00165,2022-02-27 21:05:00
Los Angeles FC,https://secure.espn.com/combiner/i?img=/i/teamlogos/soccer/500/18966.png&amp;w=56,52.3,1.7,1.4,60.2909,22,0.8798,0.3138,0.17535,0.13,2022-02-27 22:05:00
New York City FC,https://secure.espn.com/combiner/i?img=/i/teamlogos/soccer/500/17606.png&amp;w=56,52.7,1.5,1.2,58.40755,19,0.84385,0.2267,0.1307,0.12185,2022-02-27 22:05:00
New England Revolution,https://secure.espn.com/combiner/i?img=/i/teamlogos/soccer/500/189.png&amp;w=56,48.5,1.6,1.5,55.3737,14,0.7706,0.1564,0.0866,0.07445,2022-02-27 22:05:00
Seattle Sounders FC,https://secure.espn.com/combiner/i?img=/i/teamlogos/soccer/500/9726.png&amp;w=56,47.1,1.3,1.3,53.36715,11,0.72415,0.12905,0.05885,0.0707,2022-02-27 22:05:00
New York Red Bulls,https://secure.espn.com/combiner/i?img=/i/teamlogos/soccer/500/190.png&amp;w=56,46.5,1.3,1.3,54.9922,12,0.76125,0.14225,0.0835,0.06925,2022-02-27 22:05:00
Atlanta United FC,https://secure.espn.com/combiner/i?img=/i/teamlogos/soccer/500/18418.png&amp;w=56,44.6,1.4,1.4,52.8843,9,0.6984,0.1117,0.05875,0.0553,2022-02-27 22:05:00
Nashville SC,https://secure.espn.com/combiner/i?img=/i/teamlogos/soccer/500/18986.png&amp;w=56,42.7,1.2,1.3,52.6136,8,0.70745,0.11365,0.0507,0.04965,2022-02-27 22:05:00
Columbus Crew,https://secure.espn.com/combiner/i?img=/i/teamlogos/soccer/500/183.png&amp;w=56,43.9,1.4,1.5,51.88065,10,0.67385,0.09675,0.0513,0.0492,2022-02-27 22:05:00
Philadelphia Union,https://secure.espn.com/combiner/i?img=/i/teamlogos/soccer/500/10739.png&amp;w=56,43.3,1.3,1.4,49.69265,5,0.5988,0.0699,0.0352,0.0425,2022-02-27 22:05:00
Minnesota United FC,https://secure.espn.com/combiner/i?img=/i/teamlogos/soccer/500/17362.png&amp;w=56,43.4,1.4,1.5,50.19425,6,0.62615,0.0867,0.03745,0.04115,2022-02-27 22:05:00
Los Angeles Galaxy,https://secure.espn.com/combiner/i?img=/i/teamlogos/soccer/500/187.png&amp;w=56,41.5,1.3,1.5,50.05785,4,0.62505,0.08685,0.0394,0.03765,2022-02-27 22:05:00
Orlando City SC,https://secure.espn.com/combiner/i?img=/i/teamlogos/soccer/500/12011.png&amp;w=56,41.7,1.3,1.5,49.9245,5,0.60805,0.07355,0.03825,0.034,2022-02-27 22:05:00
Portland Timbers,https://secure.espn.com/combiner/i?img=/i/teamlogos/soccer/500/9723.png&amp;w=56,40.9,1.4,1.6,46.88985,1,0.516,0.0535,0.0219,0.0295,2022-02-27 22:05:00
Sporting Kansas City,https://secure.espn.com/combiner/i?img=/i/teamlogos/soccer/500/186.png&amp;w=56,41.3,1.3,1.5,46.7167,0,0.51845,0.0492,0.01995,0.02905,2022-02-27 22:05:00
Colorado Rapids,https://secure.espn.com/combiner/i?img=/i/teamlogos/soccer/500/184.png&amp;w=56,39.6,1.2,1.4,45.32085,-2,0.4675,0.037,0.01455,0.0248,2022-02-27 22:05:00
FC Dallas,https://secure.espn.com/combiner/i?img=/i/teamlogos/soccer/500/185.png&amp;w=56,39.9,1.3,1.6,45.6266,-1,0.47875,0.04305,0.01675,0.02415,2022-02-27 22:05:00
DC United,https://secure.espn.com/combiner/i?img=/i/teamlogos/soccer/500/193.png&amp;w=56,37.3,1.2,1.6,45.66545,-1,0.46265,0.0391,0.01855,0.021,2022-02-27 22:05:00
Chicago Fire,https://secure.espn.com/combiner/i?img=/i/teamlogos/soccer/500/182.png&amp;w=56,36.4,1.2,1.7,43.49935,-4,0.38805,0.02695,0.01095,0.01575,2022-02-27 22:05:00
Austin FC,https://secure.espn.com/combiner/i?img=/i/teamlogos/soccer/500/20906.png&amp;w=56,34.4,1.2,1.7,43.29205,-3,0.3917,0.02935,0.01065,0.0129,2022-02-27 22:05:00
Toronto FC,https://secure.espn.com/combiner/i?img=/i/teamlogos/soccer/500/7318.png&amp;w=56,35.6,1.2,1.7,42.76715,-5,0.3699,0.02305,0.00975,0.0123,2022-02-27 22:05:00
Montreal Impact,https://secure.espn.com/combiner/i?img=/i/teamlogos/soccer/500/9720.png&amp;w=56,35.5,1.1,1.6,42.22395,-6,0.34985,0.019,0.0067,0.0118,2022-02-27 22:05:00
San Jose Earthquakes,https://secure.espn.com/combiner/i?img=/i/teamlogos/soccer/500/191.png&amp;w=56,34.3,1.2,1.8,40.1562,-10,0.3027,0.0185,0.0064,0.01035,2022-02-27 22:05:00
Vancouver Whitecaps,https://secure.espn.com/combiner/i?img=/i/teamlogos/soccer/500/9727.png&amp;w=56,34.2,1.1,1.7,40.6295,-11,0.3101,0.01745,0.00595,0.00985,2022-02-27 22:05:00
Real Salt Lake,https://secure.espn.com/combiner/i?img=/i/teamlogos/soccer/500/4771.png&amp;w=56,32.8,1.0,1.6,39.64665,-10,0.27675,0.01605,0.0054,0.0096,2022-02-27 22:05:00
Inter Miami CF,https://secure.espn.com/combiner/i?img=/i/teamlogos/soccer/500/20232.png&amp;w=56,31.2,1.0,1.7,37.9225,-12,0.2226,0.00845,0.00325,0.0052,2022-02-27 22:05:00
Charlotte FC,https://secure.espn.com/combiner/i?img=/i/teamlogos/soccer/500/21300.png&amp;w=56,29.5,0.9,1.6,35.85925,-16,0.16975,0.005,0.00135,0.0034,2022-02-27 22:05:00
Houston Dynamo,https://secure.espn.com/combiner/i?img=/i/teamlogos/soccer/500/6077.png&amp;w=56,28.7,0.9,1.7,35.5662,-16,0.17545,0.00585,0.00145,0.0033,2022-02-27 22:05:00
FC Cincinnati,https://secure.espn.com/combiner/i?img=/i/teamlogos/soccer/500/18267.png&amp;w=56,24.9,1.0,2.0,30.636,-29,0.0824,0.0012,0.0004,0.00135,2022-02-27 22:05:00
Los Angeles FC,https://secure.espn.com/combiner/i?img=/i/teamlogos/soccer/500/18966.png&amp;w=56,52.3,1.7,1.4,60.2909,22,0.8798,0.3138,0.17535,0.13,2022-02-28 17:24:00
New York City FC,https://secure.espn.com/combiner/i?img=/i/teamlogos/soccer/500/17606.png&amp;w=56,52.7,1.5,1.2,58.40755,19,0.84385,0.2267,0.1307,0.12185,2022-02-28 17:24:00
New England Revolution,https://secure.espn.com/combiner/i?img=/i/teamlogos/soccer/500/189.png&amp;w=56,48.5,1.6,1.5,55.3737,14,0.7706,0.1564,0.0866,0.07445,2022-02-28 17:24:00
Seattle Sounders FC,https://secure.espn.com/combiner/i?img=/i/teamlogos/soccer/500/9726.png&amp;w=56,47.1,1.3,1.3,53.36715,11,0.72415,0.12905,0.05885,0.0707,2022-02-28 17:24:00
New York Red Bulls,https://secure.espn.com/combiner/i?img=/i/teamlogos/soccer/500/190.png&amp;w=56,46.5,1.3,1.3,54.9922,12,0.76125,0.14225,0.0835,0.06925,2022-02-28 17:24:00
Atlanta United FC,https://secure.espn.com/combiner/i?img=/i/teamlogos/soccer/500/18418.png&amp;w=56,44.6,1.4,1.4,52.8843,9,0.6984,0.1117,0.05875,0.0553,2022-02-28 17:24:00
Nashville SC,https://secure.espn.com/combiner/i?img=/i/teamlogos/soccer/500/18986.png&amp;w=56,42.7,1.2,1.3,52.6136,8,0.70745,0.11365,0.0507,0.04965,2022-02-28 17:24:00
Columbus Crew,https://secure.espn.com/combiner/i?img=/i/teamlogos/soccer/500/183.png&amp;w=56,43.9,1.4,1.5,51.88065,10,0.67385,0.09675,0.0513,0.0492,2022-02-28 17:24:00
Philadelphia Union,https://secure.espn.com/combiner/i?img=/i/teamlogos/soccer/500/10739.png&amp;w=56,43.3,1.3,1.4,49.69265,5,0.5988,0.0699,0.0352,0.0425,2022-02-28 17:24:00
Minnesota United FC,https://secure.espn.com/combiner/i?img=/i/teamlogos/soccer/500/17362.png&amp;w=56,43.4,1.4,1.5,50.19425,6,0.62615,0.0867,0.03745,0.04115,2022-02-28 17:24:00
Los Angeles Galaxy,https://secure.espn.com/combiner/i?img=/i/teamlogos/soccer/500/187.png&amp;w=56,41.5,1.3,1.5,50.05785,4,0.62505,0.08685,0.0394,0.03765,2022-02-28 17:24:00
Orlando City SC,https://secure.espn.com/combiner/i?img=/i/teamlogos/soccer/500/12011.png&amp;w=56,41.7,1.3,1.5,49.9245,5,0.60805,0.07355,0.03825,0.034,2022-02-28 17:24:00
Portland Timbers,https://secure.espn.com/combiner/i?img=/i/teamlogos/soccer/500/9723.png&amp;w=56,40.9,1.4,1.6,46.88985,1,0.516,0.0535,0.0219,0.0295,2022-02-28 17:24:00
Sporting Kansas City,https://secure.espn.com/combiner/i?img=/i/teamlogos/soccer/500/186.png&amp;w=56,41.3,1.3,1.5,46.7167,0,0.51845,0.0492,0.01995,0.02905,2022-02-28 17:24:00
Colorado Rapids,https://secure.espn.com/combiner/i?img=/i/teamlogos/soccer/500/184.png&amp;w=56,39.6,1.2,1.4,45.32085,-2,0.4675,0.037,0.01455,0.0248,2022-02-28 17:24:00
FC Dallas,https://secure.espn.com/combiner/i?img=/i/teamlogos/soccer/500/185.png&amp;w=56,39.9,1.3,1.6,45.6266,-1,0.47875,0.04305,0.01675,0.02415,2022-02-28 17:24:00
DC United,https://secure.espn.com/combiner/i?img=/i/teamlogos/soccer/500/193.png&amp;w=56,37.3,1.2,1.6,45.66545,-1,0.46265,0.0391,0.01855,0.021,2022-02-28 17:24:00
Chicago Fire,https://secure.espn.com/combiner/i?img=/i/teamlogos/soccer/500/182.png&amp;w=56,36.4,1.2,1.7,43.49935,-4,0.38805,0.02695,0.01095,0.01575,2022-02-28 17:24:00
Austin FC,https://secure.espn.com/combiner/i?img=/i/teamlogos/soccer/500/20906.png&amp;w=56,34.4,1.2,1.7,43.29205,-3,0.3917,0.02935,0.01065,0.0129,2022-02-28 17:24:00
Toronto FC,https://secure.espn.com/combiner/i?img=/i/teamlogos/soccer/500/7318.png&amp;w=56,35.6,1.2,1.7,42.76715,-5,0.3699,0.02305,0.00975,0.0123,2022-02-28 17:24:00
Montreal Impact,https://secure.espn.com/combiner/i?img=/i/teamlogos/soccer/500/9720.png&amp;w=56,35.5,1.1,1.6,42.22395,-6,0.34985,0.019,0.0067,0.0118,2022-02-28 17:24:00
San Jose Earthquakes,https://secure.espn.com/combiner/i?img=/i/teamlogos/soccer/500/191.png&amp;w=56,34.3,1.2,1.8,40.1562,-10,0.3027,0.0185,0.0064,0.01035,2022-02-28 17:24:00
Vancouver Whitecaps,https://secure.espn.com/combiner/i?img=/i/teamlogos/soccer/500/9727.png&amp;w=56,34.2,1.1,1.7,40.6295,-11,0.3101,0.01745,0.00595,0.00985,2022-02-28 17:24:00
Real Salt Lake,https://secure.espn.com/combiner/i?img=/i/teamlogos/soccer/500/4771.png&amp;w=56,32.8,1.0,1.6,39.64665,-10,0.27675,0.01605,0.0054,0.0096,2022-02-28 17:24:00
Inter Miami CF,https://secure.espn.com/combiner/i?img=/i/teamlogos/soccer/500/20232.png&amp;w=56,31.2,1.0,1.7,37.9225,-12,0.2226,0.00845,0.00325,0.0052,2022-02-28 17:24:00
Charlotte FC,https://secure.espn.com/combiner/i?img=/i/teamlogos/soccer/500/21300.png&amp;w=56,29.5,0.9,1.6,35.85925,-16,0.16975,0.005,0.00135,0.0034,2022-02-28 17:24:00
Houston Dynamo,https://secure.espn.com/combiner/i?img=/i/teamlogos/soccer/500/6077.png&amp;w=56,28.7,0.9,1.7,35.5662,-16,0.17545,0.00585,0.00145,0.0033,2022-02-28 17:24:00
FC Cincinnati,https://secure.espn.com/combiner/i?img=/i/teamlogos/soccer/500/18267.png&amp;w=56,24.9,1.0,2.0,30.636,-29,0.0824,0.0012,0.0004,0.00135,2022-02-28 17:24:00
Los Angeles FC,https://secure.espn.com/combiner/i?img=/i/teamlogos/soccer/500/18966.png&amp;w=56,52.3,1.7,1.4,60.2909,22,0.8798,0.3138,0.17535,0.13,2022-03-01 14:48:00
New York City FC,https://secure.espn.com/combiner/i?img=/i/teamlogos/soccer/500/17606.png&amp;w=56,52.7,1.5,1.2,58.40755,19,0.84385,0.2267,0.1307,0.12185,2022-03-01 14:48:00
New England Revolution,https://secure.espn.com/combiner/i?img=/i/teamlogos/soccer/500/189.png&amp;w=56,48.5,1.6,1.5,55.3737,14,0.7706,0.1564,0.0866,0.07445,2022-03-01 14:48:00
Seattle Sounders FC,https://secure.espn.com/combiner/i?img=/i/teamlogos/soccer/500/9726.png&amp;w=56,47.1,1.3,1.3,53.36715,11,0.72415,0.12905,0.05885,0.0707,2022-03-01 14:48:00
New York Red Bulls,https://secure.espn.com/combiner/i?img=/i/teamlogos/soccer/500/190.png&amp;w=56,46.5,1.3,1.3,54.9922,12,0.76125,0.14225,0.0835,0.06925,2022-03-01 14:48:00
Atlanta United FC,https://secure.espn.com/combiner/i?img=/i/teamlogos/soccer/500/18418.png&amp;w=56,44.6,1.4,1.4,52.8843,9,0.6984,0.1117,0.05875,0.0553,2022-03-01 14:48:00
Nashville SC,https://secure.espn.com/combiner/i?img=/i/teamlogos/soccer/500/18986.png&amp;w=56,42.7,1.2,1.3,52.6136,8,0.70745,0.11365,0.0507,0.04965,2022-03-01 14:48:00
Columbus Crew,https://secure.espn.com/combiner/i?img=/i/teamlogos/soccer/500/183.png&amp;w=56,43.9,1.4,1.5,51.88065,10,0.67385,0.09675,0.0513,0.0492,2022-03-01 14:48:00
Philadelphia Union,https://secure.espn.com/combiner/i?img=/i/teamlogos/soccer/500/10739.png&amp;w=56,43.3,1.3,1.4,49.69265,5,0.5988,0.0699,0.0352,0.0425,2022-03-01 14:48:00
Minnesota United FC,https://secure.espn.com/combiner/i?img=/i/teamlogos/soccer/500/17362.png&amp;w=56,43.4,1.4,1.5,50.19425,6,0.62615,0.0867,0.03745,0.04115,2022-03-01 14:48:00
Los Angeles Galaxy,https://secure.espn.com/combiner/i?img=/i/teamlogos/soccer/500/187.png&amp;w=56,41.5,1.3,1.5,50.05785,4,0.62505,0.08685,0.0394,0.03765,2022-03-01 14:48:00
Orlando City SC,https://secure.espn.com/combiner/i?img=/i/teamlogos/soccer/500/12011.png&amp;w=56,41.7,1.3,1.5,49.9245,5,0.60805,0.07355,0.03825,0.034,2022-03-01 14:48:00
Portland Timbers,https://secure.espn.com/combiner/i?img=/i/teamlogos/soccer/500/9723.png&amp;w=56,40.9,1.4,1.6,46.88985,1,0.516,0.0535,0.0219,0.0295,2022-03-01 14:48:00
Sporting Kansas City,https://secure.espn.com/combiner/i?img=/i/teamlogos/soccer/500/186.png&amp;w=56,41.3,1.3,1.5,46.7167,0,0.51845,0.0492,0.01995,0.02905,2022-03-01 14:48:00
Colorado Rapids,https://secure.espn.com/combiner/i?img=/i/teamlogos/soccer/500/184.png&amp;w=56,39.6,1.2,1.4,45.32085,-2,0.4675,0.037,0.01455,0.0248,2022-03-01 14:48:00
FC Dallas,https://secure.espn.com/combiner/i?img=/i/teamlogos/soccer/500/185.png&amp;w=56,39.9,1.3,1.6,45.6266,-1,0.47875,0.04305,0.01675,0.02415,2022-03-01 14:48:00
DC United,https://secure.espn.com/combiner/i?img=/i/teamlogos/soccer/500/193.png&amp;w=56,37.3,1.2,1.6,45.66545,-1,0.46265,0.0391,0.01855,0.021,2022-03-01 14:48:00
Chicago Fire,https://secure.espn.com/combiner/i?img=/i/teamlogos/soccer/500/182.png&amp;w=56,36.4,1.2,1.7,43.49935,-4,0.38805,0.02695,0.01095,0.01575,2022-03-01 14:48:00
Austin FC,https://secure.espn.com/combiner/i?img=/i/teamlogos/soccer/500/20906.png&amp;w=56,34.4,1.2,1.7,43.29205,-3,0.3917,0.02935,0.01065,0.0129,2022-03-01 14:48:00
Toronto FC,https://secure.espn.com/combiner/i?img=/i/teamlogos/soccer/500/7318.png&amp;w=56,35.6,1.2,1.7,42.76715,-5,0.3699,0.02305,0.00975,0.0123,2022-03-01 14:48:00
Montreal Impact,https://secure.espn.com/combiner/i?img=/i/teamlogos/soccer/500/9720.png&amp;w=56,35.5,1.1,1.6,42.22395,-6,0.34985,0.019,0.0067,0.0118,2022-03-01 14:48:00
San Jose Earthquakes,https://secure.espn.com/combiner/i?img=/i/teamlogos/soccer/500/191.png&amp;w=56,34.3,1.2,1.8,40.1562,-10,0.3027,0.0185,0.0064,0.01035,2022-03-01 14:48:00
Vancouver Whitecaps,https://secure.espn.com/combiner/i?img=/i/teamlogos/soccer/500/9727.png&amp;w=56,34.2,1.1,1.7,40.6295,-11,0.3101,0.01745,0.00595,0.00985,2022-03-01 14:48:00
Real Salt Lake,https://secure.espn.com/combiner/i?img=/i/teamlogos/soccer/500/4771.png&amp;w=56,32.8,1.0,1.6,39.64665,-10,0.27675,0.01605,0.0054,0.0096,2022-03-01 14:48:00
Inter Miami CF,https://secure.espn.com/combiner/i?img=/i/teamlogos/soccer/500/20232.png&amp;w=56,31.2,1.0,1.7,37.9225,-12,0.2226,0.00845,0.00325,0.0052,2022-03-01 14:48:00
Charlotte FC,https://secure.espn.com/combiner/i?img=/i/teamlogos/soccer/500/21300.png&amp;w=56,29.5,0.9,1.6,35.85925,-16,0.16975,0.005,0.00135,0.0034,2022-03-01 14:48:00
Houston Dynamo,https://secure.espn.com/combiner/i?img=/i/teamlogos/soccer/500/6077.png&amp;w=56,28.7,0.9,1.7,35.5662,-16,0.17545,0.00585,0.00145,0.0033,2022-03-01 14:48:00
FC Cincinnati,https://secure.espn.com/combiner/i?img=/i/teamlogos/soccer/500/18267.png&amp;w=56,24.9,1.0,2.0,30.636,-29,0.0824,0.0012,0.0004,0.00135,2022-03-01 14:48:00
Los Angeles FC,https://secure.espn.com/combiner/i?img=/i/teamlogos/soccer/500/18966.png&amp;w=56,52.3,1.7,1.4,60.2909,22,0.8798,0.3138,0.17535,0.13,2022-03-01 15:51:00
New York City FC,https://secure.espn.com/combiner/i?img=/i/teamlogos/soccer/500/17606.png&amp;w=56,52.7,1.5,1.2,58.40755,19,0.84385,0.2267,0.1307,0.12185,2022-03-01 15:51:00
New England Revolution,https://secure.espn.com/combiner/i?img=/i/teamlogos/soccer/500/189.png&amp;w=56,48.5,1.6,1.5,55.3737,14,0.7706,0.1564,0.0866,0.07445,2022-03-01 15:51:00
Seattle Sounders FC,https://secure.espn.com/combiner/i?img=/i/teamlogos/soccer/500/9726.png&amp;w=56,47.1,1.3,1.3,53.36715,11,0.72415,0.12905,0.05885,0.0707,2022-03-01 15:51:00
New York Red Bulls,https://secure.espn.com/combiner/i?img=/i/teamlogos/soccer/500/190.png&amp;w=56,46.5,1.3,1.3,54.9922,12,0.76125,0.14225,0.0835,0.06925,2022-03-01 15:51:00
Atlanta United FC,https://secure.espn.com/combiner/i?img=/i/teamlogos/soccer/500/18418.png&amp;w=56,44.6,1.4,1.4,52.8843,9,0.6984,0.1117,0.05875,0.0553,2022-03-01 15:51:00
Nashville SC,https://secure.espn.com/combiner/i?img=/i/teamlogos/soccer/500/18986.png&amp;w=56,42.7,1.2,1.3,52.6136,8,0.70745,0.11365,0.0507,0.04965,2022-03-01 15:51:00
Columbus Crew,https://secure.espn.com/combiner/i?img=/i/teamlogos/soccer/500/183.png&amp;w=56,43.9,1.4,1.5,51.88065,10,0.67385,0.09675,0.0513,0.0492,2022-03-01 15:51:00
Philadelphia Union,https://secure.espn.com/combiner/i?img=/i/teamlogos/soccer/500/10739.png&amp;w=56,43.3,1.3,1.4,49.69265,5,0.5988,0.0699,0.0352,0.0425,2022-03-01 15:51:00
Minnesota United FC,https://secure.espn.com/combiner/i?img=/i/teamlogos/soccer/500/17362.png&amp;w=56,43.4,1.4,1.5,50.19425,6,0.62615,0.0867,0.03745,0.04115,2022-03-01 15:51:00
Los Angeles Galaxy,https://secure.espn.com/combiner/i?img=/i/teamlogos/soccer/500/187.png&amp;w=56,41.5,1.3,1.5,50.05785,4,0.62505,0.08685,0.0394,0.03765,2022-03-01 15:51:00
Orlando City SC,https://secure.espn.com/combiner/i?img=/i/teamlogos/soccer/500/12011.png&amp;w=56,41.7,1.3,1.5,49.9245,5,0.60805,0.07355,0.03825,0.034,2022-03-01 15:51:00
Portland Timbers,https://secure.espn.com/combiner/i?img=/i/teamlogos/soccer/500/9723.png&amp;w=56,40.9,1.4,1.6,46.88985,1,0.516,0.0535,0.0219,0.0295,2022-03-01 15:51:00
Sporting Kansas City,https://secure.espn.com/combiner/i?img=/i/teamlogos/soccer/500/186.png&amp;w=56,41.3,1.3,1.5,46.7167,0,0.51845,0.0492,0.01995,0.02905,2022-03-01 15:51:00
Colorado Rapids,https://secure.espn.com/combiner/i?img=/i/teamlogos/soccer/500/184.png&amp;w=56,39.6,1.2,1.4,45.32085,-2,0.4675,0.037,0.01455,0.0248,2022-03-01 15:51:00
FC Dallas,https://secure.espn.com/combiner/i?img=/i/teamlogos/soccer/500/185.png&amp;w=56,39.9,1.3,1.6,45.6266,-1,0.47875,0.04305,0.01675,0.02415,2022-03-01 15:51:00
DC United,https://secure.espn.com/combiner/i?img=/i/teamlogos/soccer/500/193.png&amp;w=56,37.3,1.2,1.6,45.66545,-1,0.46265,0.0391,0.01855,0.021,2022-03-01 15:51:00
Chicago Fire,https://secure.espn.com/combiner/i?img=/i/teamlogos/soccer/500/182.png&amp;w=56,36.4,1.2,1.7,43.49935,-4,0.38805,0.02695,0.01095,0.01575,2022-03-01 15:51:00
Austin FC,https://secure.espn.com/combiner/i?img=/i/teamlogos/soccer/500/20906.png&amp;w=56,34.4,1.2,1.7,43.29205,-3,0.3917,0.02935,0.01065,0.0129,2022-03-01 15:51:00
Toronto FC,https://secure.espn.com/combiner/i?img=/i/teamlogos/soccer/500/7318.png&amp;w=56,35.6,1.2,1.7,42.76715,-5,0.3699,0.02305,0.00975,0.0123,2022-03-01 15:51:00
Montreal Impact,https://secure.espn.com/combiner/i?img=/i/teamlogos/soccer/500/9720.png&amp;w=56,35.5,1.1,1.6,42.22395,-6,0.34985,0.019,0.0067,0.0118,2022-03-01 15:51:00
San Jose Earthquakes,https://secure.espn.com/combiner/i?img=/i/teamlogos/soccer/500/191.png&amp;w=56,34.3,1.2,1.8,40.1562,-10,0.3027,0.0185,0.0064,0.01035,2022-03-01 15:51:00
Vancouver Whitecaps,https://secure.espn.com/combiner/i?img=/i/teamlogos/soccer/500/9727.png&amp;w=56,34.2,1.1,1.7,40.6295,-11,0.3101,0.01745,0.00595,0.00985,2022-03-01 15:51:00
Real Salt Lake,https://secure.espn.com/combiner/i?img=/i/teamlogos/soccer/500/4771.png&amp;w=56,32.8,1.0,1.6,39.64665,-10,0.27675,0.01605,0.0054,0.0096,2022-03-01 15:51:00
Inter Miami CF,https://secure.espn.com/combiner/i?img=/i/teamlogos/soccer/500/20232.png&amp;w=56,31.2,1.0,1.7,37.9225,-12,0.2226,0.00845,0.00325,0.0052,2022-03-01 15:51:00
Charlotte FC,https://secure.espn.com/combiner/i?img=/i/teamlogos/soccer/500/21300.png&amp;w=56,29.5,0.9,1.6,35.85925,-16,0.16975,0.005,0.00135,0.0034,2022-03-01 15:51:00
Houston Dynamo,https://secure.espn.com/combiner/i?img=/i/teamlogos/soccer/500/6077.png&amp;w=56,28.7,0.9,1.7,35.5662,-16,0.17545,0.00585,0.00145,0.0033,2022-03-01 15:51:00
FC Cincinnati,https://secure.espn.com/combiner/i?img=/i/teamlogos/soccer/500/18267.png&amp;w=56,24.9,1.0,2.0,30.636,-29,0.0824,0.0012,0.0004,0.00135,2022-03-01 15:51:00
Los Angeles FC,https://secure.espn.com/combiner/i?img=/i/teamlogos/soccer/500/18966.png&amp;w=56,52.3,1.7,1.4,60.2909,22,0.8798,0.3138,0.17535,0.13,2022-03-01 16:47:00
New York City FC,https://secure.espn.com/combiner/i?img=/i/teamlogos/soccer/500/17606.png&amp;w=56,52.7,1.5,1.2,58.40755,19,0.84385,0.2267,0.1307,0.12185,2022-03-01 16:47:00
New England Revolution,https://secure.espn.com/combiner/i?img=/i/teamlogos/soccer/500/189.png&amp;w=56,48.5,1.6,1.5,55.3737,14,0.7706,0.1564,0.0866,0.07445,2022-03-01 16:47:00
Seattle Sounders FC,https://secure.espn.com/combiner/i?img=/i/teamlogos/soccer/500/9726.png&amp;w=56,47.1,1.3,1.3,53.36715,11,0.72415,0.12905,0.05885,0.0707,2022-03-01 16:47:00
New York Red Bulls,https://secure.espn.com/combiner/i?img=/i/teamlogos/soccer/500/190.png&amp;w=56,46.5,1.3,1.3,54.9922,12,0.76125,0.14225,0.0835,0.06925,2022-03-01 16:47:00
Atlanta United FC,https://secure.espn.com/combiner/i?img=/i/teamlogos/soccer/500/18418.png&amp;w=56,44.6,1.4,1.4,52.8843,9,0.6984,0.1117,0.05875,0.0553,2022-03-01 16:47:00
Nashville SC,https://secure.espn.com/combiner/i?img=/i/teamlogos/soccer/500/18986.png&amp;w=56,42.7,1.2,1.3,52.6136,8,0.70745,0.11365,0.0507,0.04965,2022-03-01 16:47:00
Columbus Crew,https://secure.espn.com/combiner/i?img=/i/teamlogos/soccer/500/183.png&amp;w=56,43.9,1.4,1.5,51.88065,10,0.67385,0.09675,0.0513,0.0492,2022-03-01 16:47:00
Philadelphia Union,https://secure.espn.com/combiner/i?img=/i/teamlogos/soccer/500/10739.png&amp;w=56,43.3,1.3,1.4,49.69265,5,0.5988,0.0699,0.0352,0.0425,2022-03-01 16:47:00
Minnesota United FC,https://secure.espn.com/combiner/i?img=/i/teamlogos/soccer/500/17362.png&amp;w=56,43.4,1.4,1.5,50.19425,6,0.62615,0.0867,0.03745,0.04115,2022-03-01 16:47:00
Los Angeles Galaxy,https://secure.espn.com/combiner/i?img=/i/teamlogos/soccer/500/187.png&amp;w=56,41.5,1.3,1.5,50.05785,4,0.62505,0.08685,0.0394,0.03765,2022-03-01 16:47:00
Orlando City SC,https://secure.espn.com/combiner/i?img=/i/teamlogos/soccer/500/12011.png&amp;w=56,41.7,1.3,1.5,49.9245,5,0.60805,0.07355,0.03825,0.034,2022-03-01 16:47:00
Portland Timbers,https://secure.espn.com/combiner/i?img=/i/teamlogos/soccer/500/9723.png&amp;w=56,40.9,1.4,1.6,46.88985,1,0.516,0.0535,0.0219,0.0295,2022-03-01 16:47:00
Sporting Kansas City,https://secure.espn.com/combiner/i?img=/i/teamlogos/soccer/500/186.png&amp;w=56,41.3,1.3,1.5,46.7167,0,0.51845,0.0492,0.01995,0.02905,2022-03-01 16:47:00
Colorado Rapids,https://secure.espn.com/combiner/i?img=/i/teamlogos/soccer/500/184.png&amp;w=56,39.6,1.2,1.4,45.32085,-2,0.4675,0.037,0.01455,0.0248,2022-03-01 16:47:00
FC Dallas,https://secure.espn.com/combiner/i?img=/i/teamlogos/soccer/500/185.png&amp;w=56,39.9,1.3,1.6,45.6266,-1,0.47875,0.04305,0.01675,0.02415,2022-03-01 16:47:00
DC United,https://secure.espn.com/combiner/i?img=/i/teamlogos/soccer/500/193.png&amp;w=56,37.3,1.2,1.6,45.66545,-1,0.46265,0.0391,0.01855,0.021,2022-03-01 16:47:00
Chicago Fire,https://secure.espn.com/combiner/i?img=/i/teamlogos/soccer/500/182.png&amp;w=56,36.4,1.2,1.7,43.49935,-4,0.38805,0.02695,0.01095,0.01575,2022-03-01 16:47:00
Austin FC,https://secure.espn.com/combiner/i?img=/i/teamlogos/soccer/500/20906.png&amp;w=56,34.4,1.2,1.7,43.29205,-3,0.3917,0.02935,0.01065,0.0129,2022-03-01 16:47:00
Toronto FC,https://secure.espn.com/combiner/i?img=/i/teamlogos/soccer/500/7318.png&amp;w=56,35.6,1.2,1.7,42.76715,-5,0.3699,0.02305,0.00975,0.0123,2022-03-01 16:47:00
Montreal Impact,https://secure.espn.com/combiner/i?img=/i/teamlogos/soccer/500/9720.png&amp;w=56,35.5,1.1,1.6,42.22395,-6,0.34985,0.019,0.0067,0.0118,2022-03-01 16:47:00
San Jose Earthquakes,https://secure.espn.com/combiner/i?img=/i/teamlogos/soccer/500/191.png&amp;w=56,34.3,1.2,1.8,40.1562,-10,0.3027,0.0185,0.0064,0.01035,2022-03-01 16:47:00
Vancouver Whitecaps,https://secure.espn.com/combiner/i?img=/i/teamlogos/soccer/500/9727.png&amp;w=56,34.2,1.1,1.7,40.6295,-11,0.3101,0.01745,0.00595,0.00985,2022-03-01 16:47:00
Real Salt Lake,https://secure.espn.com/combiner/i?img=/i/teamlogos/soccer/500/4771.png&amp;w=56,32.8,1.0,1.6,39.64665,-10,0.27675,0.01605,0.0054,0.0096,2022-03-01 16:47:00
Inter Miami CF,https://secure.espn.com/combiner/i?img=/i/teamlogos/soccer/500/20232.png&amp;w=56,31.2,1.0,1.7,37.9225,-12,0.2226,0.00845,0.00325,0.0052,2022-03-01 16:47:00
Charlotte FC,https://secure.espn.com/combiner/i?img=/i/teamlogos/soccer/500/21300.png&amp;w=56,29.5,0.9,1.6,35.85925,-16,0.16975,0.005,0.00135,0.0034,2022-03-01 16:47:00
Houston Dynamo,https://secure.espn.com/combiner/i?img=/i/teamlogos/soccer/500/6077.png&amp;w=56,28.7,0.9,1.7,35.5662,-16,0.17545,0.00585,0.00145,0.0033,2022-03-01 16:47:00
FC Cincinnati,https://secure.espn.com/combiner/i?img=/i/teamlogos/soccer/500/18267.png&amp;w=56,24.9,1.0,2.0,30.636,-29,0.0824,0.0012,0.0004,0.00135,2022-03-01 16:47:00
